id,Name,Position,Team,ADP
1,Josh Allen,QB,BUF,23.8
2,Jahmyr Gibbs,RB,DET,1.3
3,Lamar Jackson,QB,BAL,33.5
4,Bijan Robinson,RB,ATL,2.9
5,Drake Maye,QB,NE,47.4
6,Puka Nacua,WR,LAR,4
7,Ja'Marr Chase,WR,CIN,3.3
8,Jalen Hurts,QB,PHI,62.1
9,Jayden Daniels,QB,WAS,63.2
10,Joe Burrow,QB,CIN,53.1
11,Dak Prescott,QB,DAL,81.5
12,Trevor Lawrence,QB,JAX,98.4
13,Brock Purdy,QB,SF,119.1
14,Caleb Williams,QB,CHI,71.2
15,Jaxson Dart,QB,NYG,82.5
16,Bo Nix,QB,DEN,121.7
17,Justin Herbert,QB,LAC,84
18,Christian McCaffrey,RB,SF,5.2
19,Patrick Mahomes,QB,KC,106.6
20,Jaxon Smith-Njigba,WR,SEA,5.1
21,Jared Goff,QB,DET,133.8
22,Amon-Ra St. Brown,WR,DET,8.4
23,Matthew Stafford,QB,LAR,99.9
24,Jordan Love,QB,GB,146.4
25,Baker Mayfield,QB,TB,140.8
26,Kyler Murray,QB,MIN,159.3
27,Jonathan Taylor,RB,IND,7.8
28,Tyler Shough,QB,NO,167.9
29,CeeDee Lamb,WR,DAL,9.7
30,Malik Willis,QB,MIA,190.7
31,Sam Darnold,QB,SEA,177.1
32,Nico Collins,WR,HOU,25.6
33,James Cook,RB,BUF,10.8
34,Ashton Jeanty,RB,LV,14.8
35,De'Von Achane,RB,MIA,11.6
36,Chase Brown,RB,CIN,17.6
37,Brock Bowers,TE,LV,22.5
38,Justin Jefferson,WR,MIN,11.5
39,Drake London,WR,ATL,16
40,C.J. Stroud,QB,HOU,202.3
41,A.J. Brown,WR,NE,17.5
42,Derrick Henry,RB,BAL,21.3
43,Saquon Barkley,RB,PHI,13.3
44,George Pickens,WR,DAL,23.9
45,Kenneth Walker,RB,KC,19.3
46,Omarion Hampton,RB,LAC,15.5
47,Chris Olave,WR,NO,29.3
48,Bryce Young,QB,CAR,229.1
49,Trey McBride,TE,ARI,20.3
50,Rashee Rice,WR,KC,27.8
51,DeVonta Smith,WR,PHI,37.1
52,Zay Flowers,WR,BAL,41.2
53,Ladd McConkey,WR,LAC,38.2
54,Cam Ward,QB,TEN,207.8
55,Malik Nabers,WR,NYG,28.4
56,Garrett Wilson,WR,NYJ,45.6
57,Tee Higgins,WR,CIN,34.3
58,Emeka Egbuka,WR,TB,40.9
59,Daniel Jones,QB,IND,205.6
60,Tetairoa McMillan,WR,CAR,35.4
61,Geno Smith,QB,NYJ,999
62,Mike Evans,WR,SF,59.1
63,Jaylen Waddle,WR,DEN,47.1
64,Colston Loveland,TE,CHI,41.8
65,Terry McLaurin,WR,WAS,55.3
66,Parker Washington,WR,JAX,77.4
67,Fernando Mendoza,QB,LV,178.9
68,Jeremiyah Love,RB,ARI,26.4
69,Breece Hall,RB,NYJ,32.2
70,Luther Burden,WR,CHI,49.5
71,Kyren Williams,RB,LAR,29.7
72,D'Andre Swift,RB,CHI,56.6
73,Rome Odunze,WR,CHI,65.6
74,Travis Etienne,RB,NO,44.4
75,Christian Watson,WR,GB,70.7
76,Javonte Williams,RB,DAL,35.4
77,Jameson Williams,WR,DET,57.6
78,David Montgomery,RB,HOU,51.4
79,Josh Jacobs,RB,GB,31.9
80,Cam Skattebo,RB,NYG,43.5
81,Tyler Warren,TE,IND,46.1
82,Jayden Reed,WR,GB,113.7
83,Bucky Irving,RB,TB,39.6
84,Sam LaPorta,TE,DET,59.1
85,Quinshon Judkins,RB,CLE,53.8
86,Brian Thomas,WR,JAX,71.5
87,Davante Adams,WR,LAR,50.5
88,Marvin Harrison,WR,ARI,75.5
89,DK Metcalf,WR,PIT,74.6
90,Harold Fannin,TE,CLE,67.3
91,DJ Moore,WR,BUF,58.2
92,Alec Pierce,WR,IND,97
93,Carnell Tate,WR,TEN,64.8
94,Aaron Rodgers,QB,PIT,228
95,Bhayshul Tuten,RB,JAX,61.1
96,Tucker Kraft,TE,GB,65.8
97,Courtland Sutton,WR,DEN,80.3
98,Chris Godwin,WR,TB,95.8
99,Josh Downs,WR,IND,110.9
100,Jordan Addison,WR,MIN,105.3
101,Kyle Pitts,TE,ATL,68.8
102,Travis Kelce,TE,KC,93.8
103,TreVeyon Henderson,RB,NE,52.8
104,Michael Pittman,WR,PIT,101.4
105,Khalil Shakir,WR,BUF,137.3
106,Wan'Dale Robinson,WR,TEN,109.9
107,Jaylen Warren,RB,PIT,73
108,Matthew Golden,WR,GB,131.7
109,Jadarian Price,RB,SEA,69.7
110,Jakobi Meyers,WR,JAX,104.3
111,George Kittle,TE,SF,91.2
112,Rhamondre Stevenson,RB,NE,85
113,Makai Lemon,WR,PHI,86.3
114,Michael Wilson,WR,ARI,83.7
115,Jalen Coker,WR,CAR,144
116,Quentin Johnston,WR,LAC,108
117,Dalton Kincaid,TE,BUF,89.4
118,Mark Andrews,TE,BAL,129.9
119,Xavier Worthy,WR,KC,139.1
120,Romeo Doubs,WR,NE,130.3
121,Rico Dowdle,RB,PIT,88.4
122,Brenton Strange,TE,JAX,151
123,J.K. Dobbins,RB,DEN,92.2
124,Tony Pollard,RB,TEN,87.4
125,Jacoby Brissett,QB,ARI,243
126,Jake Ferguson,TE,DAL,100.9
127,Isaiah Likely,TE,NYG,113.6
128,Stefon Diggs,WR,WAS,115.7
129,KC Concepcion,WR,CLE,127
130,Deebo Samuel,WR,SF,137
131,T.J. Hockenson,TE,MIN,164.3
132,Jonathon Brooks,RB,CAR,117.6
133,Kyle Monangai,RB,CHI,95.4
134,Jordan Mason,RB,MIN,119.7
135,Hunter Henry,TE,NE,131.3
136,Kenny Gainwell,RB,TB,111.7
137,Chuba Hubbard,RB,CAR,76.7
138,Chig Okonkwo,TE,WAS,171.3
139,RJ Harvey,RB,DEN,79.6
140,AJ Barner,TE,SEA,185.8
141,Oronde Gadsden,TE,LAC,116.8
142,Juwan Johnson,TE,NO,187.5
143,Dalton Schultz,TE,HOU,194.7
144,Rashid Shaheed,WR,SEA,158.2
145,Tua Tagovailoa,QB,ATL,236.5
146,Aaron Jones,RB,MIN,123.1
147,Dallas Goedert,TE,PHI,124.2
148,Blake Corum,RB,LAR,103
149,Denzel Boston,WR,CLE,163.2
150,Chris Rodriguez,RB,JAX,147.4
151,Malik Washington,WR,MIA,199
152,Jalen Nailor,WR,LV,183.6
153,Gunnar Helm,TE,TEN,236.1
154,Pat Freiermuth,TE,PIT,239.9
155,De'Zhaun Stribling,WR,SF,155.1
156,Rachaad White,RB,WAS,128.4
157,Jacory Croskey-Merritt,RB,WAS,112.7
158,Jalen McMillan,WR,TB,195.3
159,Omar Cooper,WR,NYJ,173
160,Tre Tucker,WR,LV,203.2
161,Darren Waller,TE,CAR,999
162,Cade Otton,TE,TB,214
163,Ryan Flournoy,WR,DAL,237.8
164,Jerry Jeudy,WR,CLE,191.1
165,Brandon Aubrey,K,DAL,94.2
166,Tank Dell,WR,HOU,176.5
167,Tyjae Spears,RB,TEN,170.7
168,Jaylin Noel,WR,HOU,213.7
169,Ka'imi Fairbairn,K,HOU,134
170,Tre' Harris,WR,LAC,208.4
171,Cam Little,K,JAX,135.7
172,Tyrone Tracy,RB,NYG,161
173,Jason Myers,K,SEA,125.7
174,Jordyn Tyson,WR,NO,77.1
175,Greg Dulcich,TE,MIA,232.4
176,Devaughn Vele,WR,NO,239.8
177,Will Reichard,K,MIN,167.6
178,Michael Penix,QB,ATL,227.9
179,Chris Boswell,K,PIT,155.2
180,Keenan Allen,WR,IND,233.2
181,Los Angeles Rams,DEF,LAR,89.6
182,Cameron Dicker,K,LAC,118
183,Evan McPherson,K,CIN,184.2
184,Tyler Loop,K,BAL,200
185,Harrison Mevis,K,LAR,149
186,Jauan Jennings,WR,MIN,193.2
187,Chase McLaughlin,K,TB,224.6
188,Jake Bates,K,DET,157.5
189,Mike Gesicki,TE,CIN,999
190,Ja'Kobi Lane,WR,BAL,175.6
191,Houston Texans,DEF,HOU,101.5
192,Seattle Seahawks,DEF,SEA,107.8
193,Tyler Bass,K,BUF,299
194,Rashod Bateman,WR,BAL,232.7
195,Deshaun Watson,QB,CLE,999
196,Eddy Pineiro,K,SF,173.6
197,Travis Hunter,WR,JAX,165.9
198,Terrance Ferguson,TE,LAR,209.8
199,Kenyon Sadiq,TE,NYJ,145.7
200,Harrison Butker,K,KC,182.7
201,Wil Lutz,K,DEN,253.3
202,Cairo Santos,K,CHI,215.8
203,Blake Grupe,K,IND,999
204,Germie Bernard,WR,PIT,231.2
205,Adonai Mitchell,WR,NYJ,217.4
206,Philadelphia Eagles,DEF,PHI,125.5
207,Ted Hurst,WR,TB,239.6
208,Shedeur Sanders,QB,CLE,236.1
209,Keaton Mitchell,RB,LAC,179.7
210,Mason Taylor,TE,NYJ,224.3
211,Pat Bryant,WR,DEN,230.5
212,Denver Broncos,DEF,DEN,122.3
213,Andy Borregales,K,NE,154.5
214,Baltimore Ravens,DEF,BAL,136.3
215,Nick Folk,K,ATL,285.5
216,Caleb Douglas,WR,MIA,999
217,Kayshon Boutte,WR,NE,218.4
218,Cyrus Allen,WR,KC,197.6
219,Tyreek Hill,WR,,209.9
220,Charlie Smyth,K,NO,269
221,New England Patriots,DEF,NE,143.1
222,Minnesota Vikings,DEF,MIN,152.5
223,Detroit Lions,DEF,DET,153.9
224,Ryan Fitzgerald,K,CAR,347
225,Tory Horton,WR,SEA,228.7
226,Andrei Iosivas,WR,CIN,999
227,Jacksonville Jaguars,DEF,JAX,172.4
228,Jason Sanders,K,NYJ,999
229,Malachi Fields,WR,NYG,227
230,Jake Moody,K,,333
231,Jake Elliott,K,PHI,220.6
232,Chimere Dike,WR,TEN,229.4
233,Chad Ryland,K,ARI,350
234,Dylan Sampson,RB,CLE,189.8
235,Pittsburgh Steelers,DEF,PIT,161.9
236,Isaac TeSlaa,WR,DET,211.7
237,Kansas City Chiefs,DEF,KC,213
238,Cooper Kupp,WR,SEA,226.9
239,New York Giants,DEF,NYG,235.5
240,Los Angeles Chargers,DEF,LAC,179.6
241,Green Bay Packers,DEF,GB,201.6
242,Dallas Cowboys,DEF,DAL,197.9
243,Keon Coleman,WR,BUF,234.8
244,Darnell Washington,TE,PIT,999
245,Chicago Bears,DEF,CHI,225
246,San Francisco 49ers,DEF,SF,223.5
247,Indianapolis Colts,DEF,IND,219
248,Buffalo Bills,DEF,BUF,221
249,Joey Slye,K,TEN,351
250,Andre Szmyt,K,CLE,342
251,Woody Marks,RB,HOU,166.6
252,Darius Slayton,WR,NYG,999
253,Atlanta Falcons,DEF,ATL,228.4
254,Eli Stowers,TE,PHI,238.1
255,Tampa Bay Buccaneers,DEF,TB,232.4
256,Carolina Panthers,DEF,CAR,238.4
257,Michael Mayer,TE,LV,999
258,Cole Kmet,TE,CHI,999
259,Cincinnati Bengals,DEF,CIN,241.2
260,Zachariah Branch,WR,ATL,188.4
261,Jack Bech,WR,LV,238.2
262,Kendrick Bourne,WR,ARI,999
263,Calvin Ridley,WR,TEN,253.2
264,New Orleans Saints,DEF,NO,244.6
265,Theo Johnson,TE,NYG,232.2
266,Dawson Knox,TE,BUF,999
267,Colby Parkinson,TE,LAR,251.4
268,Olamide Zaccheaus,WR,ATL,999
269,Antonio Williams,WR,WAS,219.8
270,Washington Commanders,DEF,WAS,999
271,Matt Gay,K,LV,263.3
272,Cleveland Browns,DEF,CLE,266.6
273,Elijah Arroyo,TE,SEA,999
274,KaVontae Turpin,WR,DAL,999
275,Jahan Dotson,WR,ATL,999
276,Jake Tonges,TE,SF,241.4
277,Evan Engram,TE,DEN,999
278,Dontayvion Wicks,WR,PHI,999
279,Trey Smack,K,GB,353.2
280,Marvin Mims,WR,DEN,219.5
281,Brian Robinson,RB,ATL,150
282,Samaje Perine,RB,CIN,999
283,Tyler Allgeier,RB,ARI,148.2
284,DeMario Douglas,WR,NE,999
285,Justice Hill,RB,BAL,999
286,Marquise Brown,WR,PHI,999
287,Zach Charbonnet,RB,SEA,141.2
288,Chris Bell,WR,MIA,240.9
289,Tennessee Titans,DEF,TEN,270.2
290,Troy Franklin,WR,DEN,241.8
291,Arizona Cardinals,DEF,ARI,273
292,Xavier Legette,WR,CAR,999
293,Tank Bigsby,RB,PHI,181.4
294,Emmett Johnson,RB,KC,196.1
295,Ray Davis,RB,BUF,233.6
296,Las Vegas Raiders,DEF,LV,279.3
297,New York Jets,DEF,NYJ,282.2
298,Jonah Coleman,RB,DEN,169.3
299,Nicholas Singleton,RB,TEN,191.8
300,Skyler Bell,WR,BUF,999
301,Alvin Kamara,RB,NO,160.8
302,Barion Brown,WR,NO,999
303,Isaiah Bond,WR,CLE,999
304,Tyquan Thornton,WR,KC,999
305,Miami Dolphins,DEF,MIA,299
306,Mike Washington,RB,LV,203.4
307,Will Kacmarek,TE,MIA,999
308,Elijah Sarratt,WR,BAL,229.2
309,Malik Benson,WR,LV,999
310,Isaiah Davis,RB,NYJ,999
311,Zane Gonzalez,K,,999
312,Kimani Vidal,RB,LAC,239.8
313,Mack Hollins,WR,NE,999
314,Jordan James,RB,SF,999
315,Josh Cameron,WR,JAX,999
316,Noah Gray,TE,KC,999
317,Darnell Mooney,WR,NYG,249.2
318,David Njoku,TE,LAC,206.8
319,Justin Joly,TE,DEN,999
320,Joe Royer,TE,CLE,683
321,James Conner,RB,ARI,215.9
322,Zavion Thomas,WR,CHI,999
323,Elic Ayomanor,WR,TEN,241.5
324,Jaydon Blue,RB,DAL,233.5
325,Emanuel Wilson,RB,SEA,250.3
326,Chris Brooks,RB,GB,999
327,LeQuint Allen,RB,JAX,999
328,Max Klare,TE,LAR,248.8
329,Dominic Zvada,K,NYG,355.3
330,Ty Johnson,RB,BUF,999
331,Carson Beck,QB,ARI,999
332,Calvin Austin,WR,NYG,999
333,Isiah Pacheco,RB,DET,185.5
334,Jack Endries,TE,CIN,999
335,Sean Tucker,RB,TB,243.9
336,Braelon Allen,RB,NYJ,212.9
337,Daniel Carlson,K,,999
338,MarShawn Lloyd,RB,GB,221.7
339,Brandon Aiyuk,WR,SF,251.4
340,John Metchie,WR,CAR,999
341,Greg Dortch,WR,DET,999
342,Christian Kirk,WR,SF,241.7
343,Brandon McManus,K,,638.6
344,Kaytron Allen,RB,WAS,239.5
345,Jaylen Wright,RB,MIA,247.9
346,Kaelon Black,RB,SF,999
347,Elijah Higgins,TE,ARI,999
348,Konata Mumpfield,WR,LAR,999
349,Ben Sauls,K,NYG,369
350,Luke Musgrave,TE,GB,999
351,John Michael Gyllenborg,TE,KC,611.2
352,Daniel Bellinger,TE,TEN,999
353,Oscar Delp,TE,NO,999
354,CJ Daniels,WR,LAR,999
355,Kirk Cousins,QB,LV,999
356,Brenen Thompson,WR,LAC,999
357,Bryce Lance,WR,NO,999
358,Rasheen Ali,RB,BAL,999
359,Charlie Kolar,TE,LAC,999
360,Tez Johnson,WR,TB,999
361,Emari Demercado,RB,KC,999
362,Demarcus Robinson,WR,SF,999
363,Jaylin Lane,WR,WAS,999
364,Riley Patterson,K,MIA,267
365,Zach Ertz,TE,,999
366,Xavier Hutchinson,WR,HOU,999
367,Noah Fant,TE,NO,999
368,Seth McGowan,RB,IND,999
369,Trevor Etienne,RB,CAR,999
370,Jonnu Smith,TE,,999
371,KeAndre Lambert-Smith,WR,LAC,999
372,Treylon Burks,WR,WAS,999
373,Justin Fields,QB,KC,999
374,Jalen Tolbert,WR,MIA,999
375,Jalen Royals,WR,KC,999
376,Michael Trigg,TE,DAL,249.7
377,Will Shipley,RB,PHI,999
378,Malik Davis,RB,DAL,999
379,Sam Roush,TE,CHI,999
380,Austin Hooper,TE,ATL,430
381,Cade Stover,TE,HOU,999
382,Austin Ekeler,RB,,999
383,Eli Raridon,TE,NE,999
384,Tyler Higbee,TE,LAR,999
385,Tanner Koziol,TE,JAX,999
386,Joshua Palmer,WR,BUF,999
387,Kevin Coleman,WR,MIA,999
388,Kaleb Johnson,RB,PIT,217.5
389,Savion Williams,WR,GB,999
390,Jackson Hawes,TE,BUF,380.8
391,Devin Neal,RB,NO,211.9
392,John Bates,TE,WAS,999
393,Tommy Tremble,TE,CAR,999
394,Matt Hibner,TE,BAL,999
395,Drew Sample,TE,CIN,999
396,Miles Kitselman,TE,,999
397,Jaren Kanak,TE,TEN,530.2
398,Lance Mason,TE,PIT,999
399,Josh Oliver,TE,MIN,999
400,Luke Schoonmaker,TE,DAL,999
401,Isaiah Williams,WR,NYJ,999
402,Kyle Williams,WR,NE,222.1
403,Colbie Young,WR,CIN,999
404,J'Mari Taylor,RB,JAX,999
405,Taylen Green,QB,CLE,999
406,Aaron Anderson,WR,,496.6
407,Jimmy Horn,WR,CAR,999
408,Eric McAlister,WR,,999
409,Adam Randall,RB,BAL,999
410,DJ Giddens,RB,IND,999
411,Devontez Walker,WR,BAL,999
412,Nick Westbrook-Ikhine,WR,IND,999
413,Marlin Klein,TE,HOU,999
414,Eric Rivers,WR,TB,999
415,Brevyn Spann-Ford,TE,DAL,999
416,Tai Felton,WR,MIN,692.7
417,Brandin Cooks,WR,,999
418,Joe Flacco,QB,CIN,999
419,Tyler Lockett,WR,,999
420,Odell Beckham,WR,NYG,999
421,Gardner Minshew,QB,ARI,677.8
422,Nick Chubb,RB,,999
423,Adam Trautman,TE,DEN,682.8
424,Josh Cuevas,TE,BAL,697.1
425,Kalif Raymond,WR,CHI,999
426,Ben Sinnott,TE,WAS,999
427,Nate Boerkircher,TE,JAX,999
428,Brock Wright,TE,DET,690.8
429,Trey Benson,RB,ARI,255.2
430,Derek Carr,QB,,999
431,Will Dissly,TE,,999
432,Jawhar Jordan,RB,HOU,999
433,David Sills,WR,TB,405
434,Marquez Valdes-Scantling,WR,DAL,629.8
435,Roman Wilson,WR,PIT,999
436,Mac Jones,QB,SF,999
437,Jerome Ford,RB,WAS,999
438,Najee Harris,RB,NYG,212.3
439,Reggie Virgil,WR,ARI,999
440,Jermaine Burton,WR,,999
441,Jahdae Walker,WR,CHI,999
442,Grant Calcaterra,TE,PHI,685.8
443,Desmond Reid,RB,,999
444,George Holani,RB,SEA,999
445,Ja'Tavion Sanders,TE,CAR,999
446,Demond Claiborne,RB,MIN,242
447,Tahj Brooks,RB,CIN,999
448,Kareem Hunt,RB,,999
449,Xavier Smith,WR,LAR,551
450,Lil'Jordan Humphrey,WR,DEN,999
451,Cade Klubnik,QB,NYJ,999
452,Deion Burks,WR,IND,999
453,Jordan Whittington,WR,LAR,999
454,Ollie Gordon,RB,MIA,999
455,Audric Estime,RB,NO,237.4
456,Will Howard,QB,PIT,999
457,Drew Allar,QB,PIT,699.6
458,Michael Badgley,K,,999
459,Graham Gano,K,,278.7
460,Younghoe Koo,K,,339
461,Matt Prater,K,,674
462,Drew Stevens,K,WAS,537.9
463,Dameon Pierce,RB,PHI,999
464,Anthony Richardson,QB,IND,999
465,Isaac Guerendo,RB,SF,999
466,Jam Miller,RB,NE,999
467,Kyle Juszczyk,FB,SF,999
468,Brashard Smith,RB,KC,226.3
469,J.J. McCarthy,QB,MIN,224.2
470,Mitchell Evans,TE,CAR,999
471,Mo Alie-Cox,TE,IND,289
472,Tip Reiman,TE,ARI,999
473,Connor Heyward,TE,LV,647.7
474,Trey Lance,QB,LAC,999
475,Jalen Milroe,QB,SEA,999
476,Tim Patrick,WR,NYJ,999
477,Ty Simpson,QB,LAR,241.8
478,Marcus Mariota,QB,WAS,999
479,Cade York,K,NYJ,350
480,Tyrod Taylor,QB,GB,658.2
481,Jameis Winston,QB,NYG,999
482,Will Levis,QB,TEN,999
483,Tyler Huntley,QB,BAL,999
484,Spencer Rattler,QB,NO,999
485,Diego Pavia,QB,,999
486,Raheem Mostert,RB,,999
487,Tyson Bagent,QB,CHI,999
488,Carson Wentz,QB,MIN,999
489,Riley Leonard,QB,IND,999
490,Tanner McKee,QB,PHI,999
491,Joshua Dobbs,QB,DET,692.3
492,Quinn Ewers,QB,MIA,999
493,Joe Milton,QB,DAL,999
494,Clayton Tune,QB,,999
495,Tommy DeVito,QB,NE,999
496,Jimmy Garoppolo,QB,,670.9
497,Devin Singletary,RB,NYG,999
498,Jarrett Stidham,QB,DEN,999
499,Davis Mills,QB,HOU,999
500,Nick Mullens,QB,JAX,618
501,Ty Chandler,RB,NO,999
502,Kyle Allen,QB,BUF,665.6
503,Mitchell Trubisky,QB,TEN,999
504,Dillon Gabriel,QB,CLE,999
505,Andy Dalton,QB,PHI,999
506,Mason Rudolph,QB,PIT,999
507,Teddy Bridgewater,QB,,999
508,Josh Johnson,QB,CIN,544
509,Jaydn Ott,RB,KC,659.5
510,Tutu Atwell,WR,MIA,999
511,Luke Farrell,TE,SF,491
512,Durham Smythe,TE,BAL,999
513,Bo Melton,WR,GB,695
514,Foster Moreau,TE,HOU,550.6
515,Riley Nowakowski,TE,PIT,643.4
516,Jarquez Hunter,RB,LAR,240.6
517,Taysom Hill,TE,,999
518,Jeremy McNichols,RB,WAS,999
519,Jeremy Ruckert,TE,NYJ,999
520,Elijah Mitchell,RB,,692.5
521,Noah Brown,WR,LV,538
522,Luke McCaffrey,WR,WAS,999
523,Isaiah Hodgins,WR,NYG,999
524,Hunter Luepke,FB,DAL,999
525,Theo Wease,WR,MIA,999
526,Cody White,WR,SEA,664
527,Tyler Badie,RB,DEN,999
528,Dean Connors,RB,LAR,539.2
529,Lucas Krull,TE,DEN,999
530,Michael Carter,RB,TEN,686.5
531,Payne Durham,TE,TB,345
532,Quintin Morris,TE,JAX,999
533,Charlie Woerner,TE,ATL,641.5
534,Seydou Traore,TE,MIA,403.5
535,Roschon Johnson,RB,CHI,999
536,Tucker Fisk,TE,,999
537,Pierre Strong,RB,GB,641
538,Jack Stoll,TE,CLE,621.3
539,Dare Ogunbowale,RB,LV,999
540,Damien Martinez,RB,GB,999
541,Dallin Holker,TE,,999
542,Jaleel McLaughlin,RB,DEN,999
543,Dante Pettis,WR,BUF,999
544,Jack Velling,TE,ATL,999
545,Devin Culp,TE,TB,999
546,Ronnie Rivers,RB,LAR,999
547,Arian Smith,WR,NYJ,999
548,Xavier Weaver,WR,ARI,647
549,Van Jefferson,WR,WAS,999
550,Malachi Corley,WR,CLE,999
551,Darius Cooper,WR,PHI,999
552,Phil Mafah,RB,DAL,999
553,Chase Roberts,WR,LV,350
554,Trebor Pena,WR,JAX,662.5
555,Dane Key,WR,DEN,999
556,Noah Thomas,WR,CIN,646.8
557,Cedric Tillman,WR,CLE,999
558,Kevin Austin,WR,NO,999
559,Tyler Johnson,WR,DAL,537.5
560,Josh Reynolds,WR,,999
561,Jalen Brooks,WR,ARI,691.3
562,Allen Lazard,WR,,694.8
563,Josh Whyle,TE,GB,695.5
564,Brevin Jordan,TE,HOU,559.5
565,Will Ferrin,K,,242
566,Lenny Krieg,K,,479.5
567,Davis Allen,TE,LAR,660.7
568,Tanner Hudson,TE,CIN,999
569,Stone Smartt,TE,PHI,999
570,Eric Saubert,TE,SEA,575.5
571,Nate Adkins,TE,DEN,627.5
572,Kendre Miller,RB,NO,224.8
573,Julius Chestnut,RB,TEN,999
574,Kalel Mullings,RB,TEN,999
575,Julian Hill,TE,NE,668.8
576,Zavier Scott,RB,MIN,693
577,Drew Ogletree,TE,IND,999
578,Curtis Samuel,WR,,688.8
579,Kenny McIntosh,RB,,449.6
580,Zamir White,RB,SF,631.7
581,Cam Akers,RB,,646
582,Dylan Laube,RB,LV,999
583,Dee Eskridge,WR,,999
584,Dyami Brown,WR,WAS,999
585,Tyler Goodson,RB,ATL,999
586,Ameer Abdullah,RB,JAX,571.4
587,Xavier Restrepo,WR,TEN,675
588,Kameron Johnson,WR,TB,999
589,Dont'e Thornton,WR,LV,999
590,Raheim Sanders,RB,CLE,999
591,Dareke Young,WR,LV,676
592,Efton Chism,WR,NE,999
593,Craig Reynolds,RB,WAS,999
594,Blake Whiteheart,TE,CLE,999
595,David Moore,WR,CAR,999
596,Jacardia Wright,RB,SEA,674.7
597,Tylan Wallace,WR,CLE,669.8
598,Kaden Wetjen,WR,PIT,999
599,Ricky White,WR,SEA,671.2
600,Jake Bobo,WR,SEA,999
601,JuJu Smith-Schuster,WR,,999
602,Chris Moore,WR,BAL,999
603,Kylen Granson,TE,TEN,505
604,Harrison Bryant,TE,,631.5
605,Ian Thomas,TE,LV,999
606,Jamal Haynes,RB,CIN,999
607,Ben Yurosek,TE,MIN,999
608,Sione Vaki,RB,DET,999
609,Tyrell Shavers,WR,BUF,427.6
610,Cameron Latu,TE,PHI,673.1
611,Antonio Gibson,RB,,999
612,Trent Sherfield,WR,BUF,670.3
613,Max Bredeson,TE,MIN,683.8
614,Anthony Gould,WR,IND,999
615,Skyy Moore,WR,GB,685.4
616,Ashton Dulin,WR,IND,999
617,DeAndre Hopkins,WR,,999
618,Jordan Watkins,WR,SF,999
619,Ko Kieft,TE,TB,999
620,Shane Zylstra,TE,BUF,999
621,Chris Manhertz,TE,NYG,625.3
622,Donovan Edwards,RB,MIA,999
623,Feleipe Franks,TE,CAR,999
624,Robert Tonyan,TE,PIT,679
625,Gage Larvadain,WR,CLE,999
626,DeAndre Carter,WR,,999
627,Tyler Conklin,TE,DET,676.4
628,Jacob Cowing,WR,SF,999
629,LaJohntay Wester,WR,BAL,999
630,Clyde Edwards-Helaire,RB,,999
631,Ben Skowronek,WR,PIT,667.7
632,James Proche,WR,,999
633,Sterling Shepard,WR,,999
634,Nikko Remigio,WR,KC,999
635,Hendon Hooker,QB,TEN,999
636,Bruce Miller,FB,,999
637,C.J. Johnson,WR,,999
638,Anthony Sherman,RB,,999
639,Lance Kendricks,TE,,999
640,Luke Stocker,TE,,999
641,Mark Ingram,RB,,999
642,Cam Newton,QB,,999
643,DeWayne McBride,RB,,999
644,Lew Nichols,RB,PIT,999
645,Titus Swen,RB,,999
646,Deuce Vaughn,RB,,999
647,Jacob Copeland,WR,,999
648,Bryce Ford-Wheaton,WR,,999
649,Jadon Haselwood,WR,,999
650,Jalin Hyatt,WR,NYG,999
651,Sam James,WR,,999
652,Rakim Jarrett,WR,,999
653,Trey Palmer,WR,NO,999
654,Ty Scott,WR,,999
655,Tyler Scott,WR,LAR,999
656,Justin Shorter,WR,LV,698.5
657,Zack Kuntz,TE,DAL,999
658,Julio Jones,WR,,999
659,Kyle Rudolph,TE,,999
660,Randall Cobb,WR,,999
661,Jaren Hall,QB,,999
662,Israel Abanikanda,RB,DAL,999
663,Tiyon Evans,RB,,999
664,Zach Evans,RB,,999
665,Evan Hull,RB,ARI,999
666,Dwayne Harris,WR,,999
667,Dan Bailey,K,,999
668,Nathan Rourke,QB,,999
669,Parker White,K,,999
670,Clint Ratkovich,FB,,999
671,Lucas Havrisik,K,,999
672,Josh Ali,WR,,999
673,Daylen Baldwin,WR,,999
674,Thomas Odukoya,TE,,999
675,Maurice Alexander,WR,CHI,999
676,Drew Plitt,QB,,999
677,Brandon Lewis,WR,,999
678,Travis Koontz,TE,,999
679,Chad Henne,QB,,690.8
680,Nick Sciba,K,,999
681,Keric Wheatfall,WR,,999
682,Ryan McDaniel,WR,,999
683,Naz Bohannon,TE,,999
684,Kameron Brown,WR,,999
685,JJ Howland,TE,,999
686,Willie Johnson,WR,,999
687,Jared Scott,TE,,999
688,Kevin Kassis,WR,,999
689,Ben Beise,TE,,999
690,Kaylon Geiger,WR,,999
691,Irv Charles,WR,SEA,999
692,Taiwan Jones,RB,,999
693,Keshunn Abram,WR,,999
694,Tanner Conner,TE,NYG,999
695,Cole Fotheringham,TE,,999
696,Ethan Fernea,WR,,999
697,Michael Young,WR,,999
698,Kekoa Crawford,WR,,687
699,Samson Nacua,WR,,999
700,Troy Hairston,RB,,999
701,Nolan Givan,TE,,999
702,Anthony Turner,WR,,999
703,Jonathan Garibay,K,,999
704,Aaron Shampklin,RB,,999
705,Dennis Houston,WR,TB,999
706,Zaire Mitchell-Paden,TE,NO,999
707,Felix Harper,QB,,999
708,Kendric Pryor,WR,CIN,999
709,Justin Rigg,TE,,999
710,Andrew Mevis,K,,640
711,Malik Williams,WR,,999
712,Josh Bist,TE,,999
713,Dre Miller,TE,,999
714,Rodney Williams,TE,,999
715,Brandon Johnson,WR,LV,632.8
716,Kaden Davis,WR,CHI,999
717,Dylan Parham,TE,,999
718,Tyreik McAllister,RB,,999
719,Roger Carter,TE,,999
720,Lance McCutcheon,WR,TEN,999
721,Jamal Pettigrew,TE,,678.8
722,Raleigh Webb,WR,,999
723,Shemar Bridges,WR,,999
724,De'Montre Tuggle,RB,,999
725,Tayon Fleet-Davis,RB,,999
726,Kehinde Oginni,TE,,468
727,Landon Lenoir,WR,,999
728,Savon Scarver,WR,,343
729,Cyrus Holder,WR,,532
730,Kevin Shaa,WR,,999
731,Henry Litwin,WR,,662.8
732,Jake Herslow,WR,,999
733,John Mitchell,TE,,999
734,Virgil Green,TE,,999
735,Parker Romo,K,,999
736,Armani Rogers,TE,,999
737,Jared Bernhardt,WR,,999
738,Leroy Watson,TE,,999
739,Tyshaun James,WR,,999
740,Lujuan Winningham,WR,,999
741,Grayson Gunter,TE,,999
742,Chris Pierce,TE,,999
743,Stephon Robinson,WR,,999
744,JaVonta Payton,WR,,999
745,Jontre Kirklin,WR,,999
746,Changa Hodge,WR,,629.5
747,Garrett Walston,TE,,999
748,Blaine Gabbert,QB,,999
749,Taysir Mack,WR,,999
750,Danny Davis,WR,,999
751,Kyric McGowan,WR,,999
752,Marcus Santos-Silva,TE,,999
753,Trevon Bradford,WR,,355
754,Brandon Peters,QB,,999
755,James McCourt,K,,388.3
756,Erik Krommenhoek,TE,,658.7
757,Talolo Limi-Jones,WR,,999
758,Andrew Parchment,WR,,999
759,Ra'Shaun Henry,WR,,575.9
760,Derek Wright,WR,,521.4
761,John Lovett,RB,,999
762,Davis Cheek,QB,,999
763,Josh Babicz,TE,,276
764,Tre Ford,QB,,999
765,Trevon Clark,WR,,519
766,Drew Estrada,WR,,279
767,Seth Green,TE,,271.5
768,Caleb Shudak,K,,302
769,Nick Muse,TE,ATL,999
770,John FitzPatrick,TE,,305.8
771,Montrell Washington,WR,,500
772,Jarrett Guarantano,QB,,999
773,Justin Hall,WR,,676.8
774,Demetris Robertson,WR,,451.6
775,Corey Sutton,WR,,999
776,Thomas Hennigan,WR,,503.3
777,Neil Pau'u,WR,,400.5
778,Kwamie Lassiter,WR,,999
779,Cade Brewer,TE,,999
780,Chase Garbers,QB,,999
781,Levi Lewis,QB,,999
782,Zander Horvath,RB,,999
783,Kevin Marks,RB,,999
784,Brittain Brown,RB,CHI,999
785,Mike Harley,WR,,383.3
786,Jack Sorenson,WR,,659.5
787,Stanley Berryhill,WR,,999
788,Jared Smart,WR,,999
789,Jalen Virgil,WR,,999
790,Britain Covey,WR,PHI,999
791,Chris Oladokun,QB,KC,999
792,Devon Allen,WR,,370.3
793,Jequez Ezzard,WR,,999
794,Tyler Snead,WR,,999
795,T.J. Pledger,RB,,999
796,A.J. Green,WR,,460.1
797,Gabe Brkic,K,,694
798,Raheem Blackshear,RB,DET,999
799,Deven Thompkins,WR,LV,578
800,Travell Harris,WR,,633.8
801,Calvin Jackson,WR,,678
802,Tay Martin,WR,DET,534
803,Kalil Pimpleton,WR,,999
804,Gerrit Prince,TE,,999
805,Bryant Koback,RB,,667
806,Derrick Deese,TE,,999
807,DeAndre Torrey,RB,,999
808,Shermari Jones,RB,,999
809,Anthony Brown,QB,,999
810,BJ Baylor,RB,,629
811,Ricky Person,RB,,999
812,Emeka Emezie,WR,,999
813,Jerreth Sterns,WR,,691
814,Samori Toure,WR,PHI,999
815,Jaivon Heiligh,WR,,999
816,Mataeo Durant,RB,,999
817,Jaquarii Roberson,WR,,368.5
818,Isaiah Weston,WR,,999
819,Teagan Quitoriano,TE,ARI,999
820,Greg Bell,RB,,999
821,Cole Kelley,QB,,999
822,Velus Jones,WR,SEA,693.3
823,Josh Johnson,WR,,999
824,Keaontay Ingram,RB,,999
825,Sincere McCormick,RB,SF,999
826,Jelani Woods,TE,NYJ,999
827,Max Borghi,RB,,999
828,Leddie Brown,RB,,999
829,Austin Allen,TE,,999
830,Cole Turner,TE,MIA,999
831,Dai'Jean Dixon,WR,,685
832,Dustin Crum,QB,,999
833,Tyrion Davis-Price,RB,,653.8
834,Makai Polk,WR,,999
835,Skylar Thompson,QB,BAL,999
836,Jeremiah Hall,TE,,999
837,Michael Woods,WR,DEN,361
838,Jack Coan,QB,,999
839,D'Eriq King,QB,,287.2
840,Charleston Rambo,WR,,999
841,Peyton Hendershot,TE,,999
842,Ty Fryfogle,WR,,336
843,Jashaun Corbin,RB,DAL,999
844,E.J. Perry,QB,,999
845,Curtis Hodges,TE,,999
846,Slade Bolden,WR,,999
847,Abram Smith,RB,,673.5
848,Trestan Ebner,RB,,999
849,CJ Verdell,RB,,607.2
850,Devon Williams,WR,,999
851,Johnny Johnson,WR,,999
852,D'Vonte Price,RB,,999
853,Chase Allen,TE,,999
854,Bilal Powell,RB,,999
855,Snoop Conner,RB,,999
856,Braylon Sanders,WR,,999
857,Danny Gray,WR,PHI,621.7
858,Reggie Roberson,WR,,999
859,Kevin Harris,RB,,999
860,ZaQuandre White,RB,,999
861,Kyle Philips,WR,,599.5
862,James Mitchell,TE,CAR,999
863,Tre Turner,WR,,999
864,Dontario Drummond,WR,,999
865,Matt Corral,QB,,999
866,Sam Howell,QB,DAL,999
867,Kenny Pickett,QB,CAR,999
868,Desmond Ridder,QB,,999
869,Carson Strong,QB,,999
870,Bailey Zappe,QB,NYJ,999
871,Isaiah Spiller,RB,,999
872,Kennedy Brooks,RB,,689.8
873,Master Teague,RB,,999
874,Justyn Ross,WR,,999
875,Hassan Haskins,RB,NE,999
876,Zonovan Knight,RB,ARI,999
877,Jerrion Ealy,RB,,999
878,Lee Smith,TE,ATL,999
879,David Bell,WR,,632
880,Jalen Wydermyer,TE,,999
881,Erik Ezukanma,WR,PHI,999
882,DeVonte Dedmon,WR,,999
883,Nikola Kalinic,TE,CHI,999
884,Brayden Lenius,TE,,472
885,Ryan Willis,QB,,467.3
886,DeShon Williams,TE,,391.4
887,Mark Vital,TE,,999
888,Graham Adomitis,TE,,304
889,Michael Jacobson,TE,,999
890,Corey Taylor,RB,,999
891,Daniel Crawford,TE,,999
892,Sal Cannella,TE,,472.8
893,Kalif Jackson,TE,MIA,687
894,K.J. Costello,QB,,525
895,Mekhi Sargent,RB,,999
896,Otis Anderson,RB,,999
897,Michael Bandy,WR,DEN,999
898,Matt Seybert,TE,,259
899,Travis Toivonen,WR,,999
900,C.J. Saunders,WR,,999
901,Jake Hausmann,TE,,999
902,Nate McCrary,RB,,341
903,Kenji Bahar,QB,,999
904,Jake Verity,K,,561.7
905,Brian Johnson,K,,999
906,Donte Sylencieux,WR,,999
907,Josh Johnson,RB,,999
908,Chris Naggar,K,,999
909,Quinn Nordin,K,,674
910,Jibri Blount,TE,,356.5
911,Nick Guggemos,TE,,999
912,Bernhard Seikovits,TE,,999
913,Tre Harbison,RB,,684
914,Landon Rice,TE,,502.3
915,Adam Prentice,FB,DEN,999
916,Branden Mack,WR,,999
917,Devontres Dukes,WR,,473
918,Shaun Beyer,TE,,999
919,Tim Jones,WR,JAX,642
920,Charles Clay,TE,,555.5
921,Josh Imatorbhebhe,WR,,683.1
922,Tarik Black,WR,DET,999
923,Shane Buechele,QB,BUF,999
924,Dillon Stoner,WR,,622.5
925,Trey Ragas,RB,,999
926,Matt Bushman,TE,,999
927,Garrett Groshek,RB,,586.5
928,DJ Turner,WR,,999
929,Riley Lees,WR,,999
930,Pro Wells,TE,,999
931,Collin Hill,QB,,530
932,John Raine,FB,,999
933,Tre Walker,WR,,999
934,Tony Poljan,TE,,999
935,Jose Borregales,K,,999
936,T.J. Simmons,WR,,687.2
937,Cade Johnson,WR,,656.5
938,Connor Wedington,WR,,691.3
939,B.J. Emmons,RB,,657.5
940,Trevon Grimes,WR,,454
941,Michael Strachan,WR,,415.1
942,Zach Davidson,TE,,635.3
943,Nick Ralston,RB,,646.5
944,Hunter Kampmoyer,TE,,517.5
945,Eli Stove,WR,,554.5
946,Alex Kessman,K,CAR,696
947,Carl Tucker,TE,,576
948,A.J. Rose,RB,,999
949,Landen Akers,WR,,683
950,Dylan Soehner,TE,,598.3
951,Stevie Scott,RB,,641
952,Briley Moore,TE,,999
953,Rico Bussey,WR,,999
954,Isaiah McKoy,WR,,999
955,Roland Rivers,QB,,697.4
956,Dedrick Mills,RB,,578
957,Javon McKinley,WR,,999
958,Bailey Gaither,WR,,999
959,Dion Lewis,RB,,999
960,Jeremiah Haydel,WR,,999
961,Mason Stokke,FB,CAR,999
962,Spencer Brown,RB,,437.7
963,Brandon Smith,WR,PIT,645
964,Artayvious Lynn,TE,,999
965,JaQuan Hardy,RB,,999
966,T.J. Vasher,WR,,999
967,Osirus Mitchell,WR,,999
968,Nick Eubanks,TE,,999
969,Brenden Knox,RB,,999
970,Blake Haubeil,K,,369
971,Miller Forristall,TE,,305
972,Tory Carter,FB,,596
973,Scooter Harrington,TE,,450
974,Simi Fehoko,WR,ARI,999
975,Avery Williams,RB,,999
976,Ben Mason,FB,,999
977,Chris Evans,RB,,999
978,Racey McMath,WR,,497
979,Jalen Camp,WR,,999
980,Jake Funk,RB,,459
981,Kawaan Baker,WR,,654
982,Dax Milne,WR,,999
983,Stephen Hauschka,K,,698.7
984,Austin Trammell,WR,JAX,658
985,Antonio Nunn,WR,,999
986,Caleb Huntley,RB,,999
987,Cary Angeline,TE,,999
988,Bruno Labelle,TE,,999
989,Josh Pederson,TE,,999
990,Dez Fitzpatrick,WR,,456
991,Kene Nwangwu,RB,NYJ,999
992,Jaelon Darden,WR,,577
993,Jacob Harris,WR,,999
994,Carson Williams,TE,,999
995,Darece Roberson,WR,,999
996,Sammis Reyes,TE,,637
997,Mathew Sexton,WR,,687.5
998,Micah Simon,WR,CAR,500
999,Matt Ammendola,K,,383.1
1000,Kai Locksley,WR,,699
1001,Darius Clark,RB,,999
1002,Jonathan Adams,WR,,999
1003,Demetric Felton,RB,,999
1004,Khalil Herbert,RB,SF,999
1005,Kadarius Toney,WR,,685.1
1006,Kyle Trask,QB,CAR,673.2
1007,Shi Smith,WR,,999
1008,Jermar Jefferson,RB,MIN,583.3
1009,Kenny Yeboah,TE,,999
1010,Elijah Moore,WR,PHI,700
1011,Trey Sermon,RB,ATL,649
1012,Ian Book,QB,,634.9
1013,Dazz Newsome,WR,,999
1014,Brennan Eagles,WR,,528
1015,Sam Ehlinger,QB,DEN,666.3
1016,Jhamon Ausbon,WR,,999
1017,Kellen Mond,QB,,692
1018,Khalil McClain,WR,,999
1019,Austin Watkins,WR,,999
1020,Myron Mitchell,WR,,999
1021,Sage Surratt,TE,,999
1022,Larry Rountree,RB,,640
1023,Damon Hazelton,WR,,677.5
1024,Kylin Hill,RB,,999
1025,Terrace Marshall,WR,MIA,653.8
1026,Javian Hawkins,RB,,999
1027,Pooka Williams,RB,,656
1028,Ihmir Smith-Marsette,WR,ARI,999
1029,Whop Philyor,WR,,999
1030,Marquez Stevenson,WR,,999
1031,Jamie Newman,QB,,673
1032,Tre' McKitty,TE,WAS,354
1033,Blake Proehl,WR,,999
1034,Deon Jackson,RB,,999
1035,Warren Jackson,WR,,999
1036,CJ Marable,RB,,699.5
1037,Tyler Vaughns,WR,,999
1038,Tre Nixon,WR,,999
1039,Marlon Williams,WR,,999
1040,Cornell Powell,WR,PIT,999
1041,Amari Rodgers,WR,,503.5
1042,Gerrid Doaks,RB,,640.5
1043,Zach Wilson,QB,NO,999
1044,Jaret Patterson,RB,LAC,677
1045,Hunter Long,TE,JAX,999
1046,Seth Williams,WR,,666
1047,Anthony Schwartz,WR,,999
1048,Rakeem Boyd,RB,,999
1049,Frank Darby,WR,,999
1050,Gary Brightwell,RB,CIN,558.5
1051,Hunter Thedford,TE,,999
1052,Chris Blair,WR,ATL,634.5
1053,Taylor Russolino,K,,674.6
1054,Sergio Castillo,K,,999
1055,Connor Davis,TE,,999
1056,Dominique Dafney,TE,,999
1057,Paul Quessenberry,TE,,999
1058,Farrod Green,TE,,999
1059,Chase Harrell,TE,,999
1060,Napoleon Maxwell,RB,,633
1061,Nathan Cottrell,RB,,999
1062,Nick Tiano,QB,,999
1063,Connor Slomka,RB,,677
1064,Stephen Guidry,WR,,999
1065,Jake Burt,TE,,999
1066,Isaiah Zuber,WR,,999
1067,Michael Dereus,WR,,999
1068,John Hurst,WR,,999
1069,Travis Jonsen,WR,,999
1070,Josh Pearson,WR,,999
1071,Marshawn Lynch,RB,,999
1072,Tucker McCann,K,,999
1073,Tommy Hudson,TE,,536.8
1074,Kristian Wilkerson,WR,,485
1075,Mason Kinsey,WR,TEN,999
1076,Cameron Scarlett,RB,,999
1077,Tyler Mabry,TE,,639.5
1078,Seth Dawkins,WR,,999
1079,Patrick Carr,RB,,553.3
1080,Anthony Jones,RB,,999
1081,Josh Hokit,FB,,999
1082,Broc Rutter,QB,,689.5
1083,Johnathon Johnson,WR,,509.8
1084,Sandro Platzgummer,RB,,681.9
1085,Isaiah Wright,WR,,999
1086,Noah Togiai,TE,,999
1087,Khalil Tate,WR,,999
1088,Manasseh Bailey,WR,,999
1089,Parker Houston,TE,,999
1090,Devin Phelps,WR,,999
1091,Rashad Medaris,WR,,999
1092,Jermiah Braswell,WR,,999
1093,George Campbell,WR,,999
1094,Rysen John,TE,,999
1095,Kyle Markway,TE,,678
1096,Case Cookus,QB,,679.3
1097,JoJo Ward,WR,,999
1098,Sean Riley,WR,,652.2
1099,Will Hastings,WR,,999
1100,Nakia Griffin-Stewart,TE,,695.3
1101,Jake Bargas,FB,,999
1102,Dan Chisena,WR,CAR,611.5
1103,Matt Cole,WR,,999
1104,Kirk Merritt,WR,,700
1105,Brandon Polk,WR,,999
1106,J.J. Koski,WR,,999
1107,Easop Winston,WR,,999
1108,James Gilbert,RB,,579
1109,Bryce Perkins,QB,,677.3
1110,Earnest Edwards,WR,,999
1111,Dalton Schoen,WR,,999
1112,Jeff Cotton,WR,,646
1113,Gabe Nabers,FB,,661
1114,Jared Rice,TE,,627.5
1115,Darius Bradwell,RB,,360
1116,Bobby Holly,FB,,669.8
1117,Dominik Eberle,K,,637
1118,Siaosi Mariner,WR,,547
1119,Nick Bowers,TE,,461.1
1120,Justice Shelton-Mosley,WR,,473.5
1121,Brandon Wright,P,,675.5
1122,Ben Ellefson,TE,,659.8
1123,Josh Hammond,WR,,700
1124,Marvelle Ross,WR,,999
1125,DeMichael Harris,WR,,999
1126,Tyler Simmons,WR,,999
1127,Dylan Stapleton,TE,,999
1128,Jordan Jones,FB,,999
1129,Jalen Morton,QB,IND,262
1130,Luke Sellers,FB,,999
1131,Nate Wieting,TE,,512.2
1132,Ja'Marcus Bradley,WR,,999
1133,Kevin Davidson,QB,,999
1134,Scotty Washington,WR,,999
1135,Devwah Whaley,RB,,999
1136,Aleva Hifo,WR,,261.5
1137,Maurice Ffrench,WR,,631.2
1138,Andre Baccellia,WR,,557.5
1139,Ahmad Wagner,WR,,999
1140,Artavis Pierce,RB,,440.2
1141,Cam Sutton,TE,,481
1142,Trevontae Hights,WR,,407.7
1143,Giovanni Ricci,FB,,532.5
1144,Spencer Nigh,FB,,999
1145,Zimari Manning,WR,,643.5
1146,Kendall Hinton,WR,,999
1147,Reggie Gilliam,RB,NE,999
1148,Nick Vogel,K,,556.5
1149,Jaylon Moore,WR,,251
1150,Bronson Rechsteiner,RB,,669.5
1151,Caleb Repp,TE,,645.5
1152,Chris Rowland,WR,,999
1153,Juwan Green,WR,,999
1154,Jalen McCleskey,WR,,999
1155,Mikey Daniel,RB,,689.8
1156,Ryan Becker,TE,,999
1157,Shane Leatherbury,WR,,691.7
1158,Reid Sinnett,QB,,999
1159,Riley Neal,QB,,651.7
1160,Josh Love,QB,,650.5
1161,J'Mar Smith,QB,,999
1162,Sam Sloman,K,,280
1163,Tommy Stevens,TE,NYG,679.5
1164,Ben DiNucci,QB,,999
1165,Freddie Swain,WR,,999
1166,Tyler Davis,TE,,999
1167,Justin Rohrwasser,K,,689
1168,Malcolm Perry,WR,,999
1169,Jason Huntley,RB,,999
1170,Lawrence Cager,TE,WAS,999
1171,Ramiz Ahmed,K,,999
1172,Tavien Feaster,RB,ARI,999
1173,Rodney Smith,RB,,999
1174,Derrick Dillon,WR,,386
1175,Ty'Son Williams,RB,,999
1176,Austin MacGinnis,K,,999
1177,Lirim Hajrullahu,K,,999
1178,Adrian Killins,RB,DEN,508
1179,Chris Finke,WR,,999
1180,Aaron Parker,WR,,548
1181,Xavier Jones,RB,,999
1182,Jonathan Ward,RB,BAL,999
1183,John Hightower,WR,,999
1184,Isaiah Coulter,WR,,999
1185,Jake Luton,QB,,999
1186,Dalton Keene,TE,,999
1187,James Morgan,QB,,999
1188,Omar Bayless,WR,,999
1189,Pete Guerriero,RB,,999
1190,Tony Brown,WR,,999
1191,Jeff Thomas,WR,,999
1192,JJ Molson,K,,411
1193,K.J. Osborn,WR,TEN,999
1194,Eli Wolf,TE,,999
1195,Darrynton Evans,RB,,999
1196,Shea Patterson,QB,,999
1197,Rodrigo Blankenship,K,,665
1198,Darrell Stewart,WR,,999
1199,Sewo Olonilua,FB,,999
1200,Josiah Deguara,TE,SF,999
1201,Benny LeMay,RB,CLE,999
1202,Joshua Kelley,RB,,698
1203,Darius Anderson,RB,,999
1204,Kendrick Rogers,WR,,999
1205,Tyrie Cleveland,WR,,999
1206,Jacob Breeland,TE,,999
1207,Steven Montez,QB,,999
1208,Trishton Jackson,WR,,999
1209,Brian Lewerke,QB,,284.5
1210,Scottie Phillips,RB,,999
1211,Brian Herrien,RB,,999
1212,JaMycal Hasty,RB,NE,999
1213,Dominick Wood-Anderson,TE,,999
1214,Michael Warren,RB,DET,999
1215,Marquez Callaway,WR,,999
1216,Raymond Calais,RB,,999
1217,Dezmon Patmon,WR,,999
1218,Tony Jones,RB,,999
1219,Cheyenne O'Grady,TE,,999
1220,J.J. Taylor,RB,,256
1221,Stephen Sullivan,TE,,999
1222,Aaron Fuller,WR,,515
1223,Javon Leake,RB,,379
1224,Sean McKeon,TE,IND,999
1225,Patrick Taylor,RB,SF,671.6
1226,LeVante Bellamy,RB,,999
1227,Devin Asiasi,TE,,446
1228,James Robinson,RB,,645
1229,Cole McDonald,QB,,999
1230,Eno Benjamin,RB,,999
1231,Ted Ginn,WR,,507.9
1232,Gabe Davis,WR,,999
1233,Binjimen Victor,WR,,999
1234,Charlie Taumoepeau,TE,,999
1235,DeeJay Dallas,RB,JAX,635.3
1236,Quez Watkins,WR,PHI,999
1237,Brycen Hopkins,TE,,999
1238,Thaddeus Moss,TE,,999
1239,Salvon Ahmed,RB,CHI,640
1240,Joe Reed,WR,,999
1241,Lynn Bowden,WR,,999
1242,La'Mical Perine,RB,,591
1243,Antonio Gandy-Golden,TE,,999
1244,Anthony Gordon,QB,,999
1245,Quintez Cephus,WR,,581
1246,Mitchell Wilcox,TE,,999
1247,Nate Stanley,QB,,999
1248,Chase Claypool,WR,,551.3
1249,Ke'Shawn Vaughn,RB,,999
1250,Quartney Davis,WR,,999
1251,Anthony McFarland,RB,,999
1252,Austin Mack,WR,,999
1253,Bryan Edwards,WR,,416.8
1254,KJ Hill,WR,LAC,352
1255,Collin Johnson,WR,,999
1256,Denzel Mims,WR,DAL,633.5
1257,Hunter Bryant,TE,,999
1258,Zack Moss,RB,,999
1259,Albert Okwuegbunam,TE,LV,999
1260,Jared Pinkney,TE,,999
1261,Kalija Lipscomb,WR,,999
1262,AJ Dillon,RB,CAR,999
1263,Donovan Peoples-Jones,WR,,999
1264,Jacob Eason,QB,,635.5
1265,Jake Fromm,QB,,664.4
1266,Laviska Shenault,WR,,999
1267,KJ Hamler,WR,,999
1268,Jalen Reagor,WR,MIA,442
1269,Henry Ruggs,WR,,999
1270,Chris Streveler,QB,,999
1271,Reggie Begelton,WR,,426
1272,Darion Clark,TE,,635
1273,LeSean McCoy,RB,,999
1274,Tavonn Salter,WR,,664.5
1275,Derrick Gore,RB,,999
1276,Greg Ward,WR,,999
1277,Marquis Young,RB,,256
1278,Micky Crum,TE,,999
1279,Jordan Ta'amu,QB,,688.5
1280,Jackson Harris,TE,,677.3
1281,Joe Walker,WR,,611.7
1282,Vincent Testaverde,QB,,605.8
1283,Jamarius Way,WR,,684.7
1284,Marcus Simms,WR,,612
1285,Josh Caldwell,RB,,642.2
1286,Taj McGowan,RB,,476
1287,Fred Trevillion,WR,,399.3
1288,Marcelias Sutton,RB,,647.5
1289,Gunner Olszewski,WR,NYG,999
1290,Floyd Allen,WR,,697
1291,D'Ernest Johnson,RB,TEN,455
1292,Joe Horn,WR,,999
1293,Joe Horn,WR,,999
1294,Jalen Greene,WR,,594
1295,Jody Fortson,TE,,999
1296,A.J. Ouellette,RB,,244
1297,Micah Wright,WR,,999
1298,Parker Hesse,TE,,999
1299,Joseph Parker,WR,,999
1300,Nico Evans,RB,,999
1301,Benjamin Watson,TE,,999
1302,Brian Burt,WR,,999
1303,Ventell Bryant,WR,,999
1304,Isaac Zico,WR,,999
1305,Clayton Hatfield,K,,680
1306,John Baron,K,,329.2
1307,Isaiah Searight,TE,,999
1308,Andre Lindsey,WR,,999
1309,Nick Fitzgerald,QB,,999
1310,Cortrelle Simpson,WR,,999
1311,Trenton Irwin,WR,SF,482
1312,Jalan McClendon,QB,,999
1313,Devlin Hodges,QB,,999
1314,Spencer Schnell,WR,,999
1315,Dontae Strickland,RB,,999
1316,Charles Jones,TE,,999
1317,Michael Colubiale,TE,,999
1318,Tom Kennedy,WR,DET,652.8
1319,Moral Stephens,TE,,999
1320,Tony Brooks-James,RB,,999
1321,Mike Nugent,K,,999
1322,Jeff Smith,WR,,296.4
1323,Shawn Poindexter,WR,,999
1324,Austin Walter,RB,,999
1325,Malik Henry,WR,,544
1326,Damion Willis,WR,,439
1327,Marcus Marshall,RB,,999
1328,DeAndre Thompkins,WR,GB,999
1329,Devontae Jackson,RB,,999
1330,Nate Becker,TE,,999
1331,Chris Myarick,TE,LV,999
1332,Jamire Jordan,WR,,999
1333,T.J. Linta,QB,,689.5
1334,Darrius Shepherd,WR,,371.8
1335,Trayone Gray,RB,,263
1336,C.J. Conrad,TE,,999
1337,Cole Hedlund,K,,999
1338,Justin Johnson,TE,,999
1339,Terry Wright,WR,,999
1340,Adam Choice,RB,,248
1341,Mik'Quan Deane,TE,,999
1342,Taryn Christion,QB,,632.3
1343,Charles Scarff,TE,,557
1344,Davis Koppenhaver,TE,,999
1345,Matthew Eaton,WR,,999
1346,Thomas Ives,WR,CHI,999
1347,Ellis Richardson,TE,,999
1348,Cole Herdman,TE,,999
1349,Sean Modster,WR,,999
1350,D.J. Montgomery,WR,IND,641.7
1351,Stephen Carlson,TE,CHI,999
1352,David Blough,QB,,524.5
1353,Dorian Baker,WR,,999
1354,Darrin Hall,RB,,250
1355,Jon Hilliman,RB,,999
1356,Eric Dungey,QB,,270
1357,Hale Hentges,TE,,317
1358,Kelvin McKnight,WR,,999
1359,George Aston,FB,,609.3
1360,Jalen Guyton,WR,,564
1361,Jon'Vea Johnson,WR,,999
1362,Golden Tate,WR,,614.8
1363,Steven Sims,WR,,999
1364,T.J. Rahming,WR,,999
1365,Kano Dillon,TE,,999
1366,Austin Fort,TE,,999
1367,Trinity Benson,WR,,999
1368,Romell Guerrier,WR,,999
1369,Johnathan Lloyd,WR,,485.2
1370,Keenen Brown,TE,,999
1371,Romello Brooker,TE,,682
1372,Nsimba Webster,WR,,999
1373,Alex Bachman,WR,LAR,999
1374,Matt Colburn,RB,,999
1375,Justin Sumpter,WR,,999
1376,Alexander Hollins,WR,,999
1377,Davion Davis,WR,,999
1378,Khari Blasingame,FB,,999
1379,Jerome Washington,TE,,999
1380,Drew Belcher,TE,,999
1381,A.J. Richardson,WR,,999
1382,Xavier Turner,RB,,569.2
1383,Drew Anderson,QB,,256
1384,Damion Jeanpiere,WR,,999
1385,Carson Meier,TE,,999
1386,Papi White,WR,,660
1387,Michael Walker,WR,,999
1388,Dredrick Snelson,WR,,999
1389,Raphael Leonard,WR,,999
1390,C.J. Worton,WR,,999
1391,Kahlil Lewis,WR,,999
1392,Shawn Bane,WR,,999
1393,Matt Colburn,RB,,999
1394,Manny Wilkins,QB,,364.3
1395,Stephen Louis,WR,,999
1396,Damarea Crockett,RB,,312
1397,Andrew Beck,RB,NYJ,999
1398,Xavier Ubosi,WR,,999
1399,Jonathan Duhart,WR,,999
1400,Jordan Ellis,RB,,999
1401,Jacob Dolegala,QB,,299
1402,Patrick Laird,RB,,377.5
1403,Ian Bunting,TE,,635.8
1404,Chandler Cox,FB,,441.4
1405,Cullen Gillaspia,RB,,999
1406,Scotty Miller,WR,CHI,697.5
1407,Marcus Green,WR,,999
1408,Brandon Dillon,TE,,999
1409,Andre Roberts,WR,,999
1410,Kyle Shurmur,QB,,265
1411,Matthew Wright,K,,999
1412,Trevor Wood,TE,,999
1413,Reggie White,WR,,262
1414,Jake Powell,TE,,999
1415,Darnell Holland,RB,,999
1416,Trevion Thompson,WR,,999
1417,Jason Moore,WR,,281.5
1418,Jeremy Cox,RB,,999
1419,Malik Taylor,WR,,999
1420,Tyree Mayfield,TE,,261
1421,Wilton Speight,QB,,320
1422,Travon McMillian,RB,,999
1423,Deonte Harty,WR,,999
1424,Matt Sokol,TE,,999
1425,John Lovett,QB,,999
1426,Nick Easley,WR,,677.5
1427,Juwann Winfree,WR,HOU,999
1428,Austin Seibert,K,,999
1429,Ishmael Hyman,WR,,999
1430,Elliott Fry,K,,266
1431,Brandon Silvers,QB,,442
1432,Valentine Holmes,RB,,549.2
1433,Jakob Johnson,FB,,999
1434,Christian Wade,RB,,647.5
1435,Damon Sheehy-Guiseppi,WR,,999
1436,Cole Murphy,K,,323.7
1437,Chris Blewitt,K,,577.8
1438,Sutton Smith,FB,,999
1439,Aca'Cedric Ware,RB,,315.8
1440,Easton Stick,QB,IND,419.2
1441,Trevon Wesco,TE,,601.5
1442,Darwin Thompson,RB,,457
1443,Kerrith Whyte,RB,GB,387
1444,Cody Thompson,WR,,381
1445,John Ursua,WR,,597.8
1446,Jordan Scarlett,RB,MIA,321
1447,Antoine Wesley,WR,,649
1448,Kahale Warring,TE,,275
1449,Alex Wesley,WR,,260
1450,L.J. Scott,RB,,259
1451,Jimmy Graham,TE,,629.8
1452,Mike Weber,RB,,648
1453,Benny Snell,RB,,593.3
1454,Jaylen Smith,WR,,247
1455,Dexter Williams,RB,,246
1456,Miles Sanders,RB,,525.5
1457,Preston Williams,WR,,241
1458,Clayton Thorson,QB,NYG,672.5
1459,Kaden Smith,TE,,999
1460,Trayveon Williams,RB,DET,683.1
1461,Caleb Wilson,TE,,999
1462,Jace Sternberger,TE,,999
1463,Tommy Sweeney,TE,,999
1464,Irv Smith,TE,,999
1465,Wes Hills,RB,,999
1466,Jake Browning,QB,TB,999
1467,Alec Ingold,FB,LAC,566
1468,Jacques Patrick,RB,,999
1469,Emmanuel Butler,WR,,999
1470,Jamal Custis,WR,,999
1471,Daniel Helm,TE,,999
1472,Bisi Johnson,WR,,999
1473,Kendall Blanton,TE,,999
1474,Jesper Horsted,TE,,999
1475,Donald Parham,TE,,999
1476,Bruce Anderson,RB,,999
1477,Stanley Morgan,WR,,999
1478,Devine Ozigbo,RB,,263
1479,Tyron Billy-Johnson,WR,,999
1480,Joe Webb,QB,,535.3
1481,Travis Fulgham,WR,,999
1482,Tyre Brady,WR,,572.6
1483,Dillon Mitchell,WR,,999
1484,Gary Jennings,WR,,999
1485,Tyree Jackson,TE,,999
1486,Brett Rypien,QB,HOU,999
1487,Ryan Davis,WR,,999
1488,Keelan Doss,WR,,639
1489,Alex Barnes,RB,,999
1490,Nick Brossette,RB,,999
1491,Johnnie Dixon,WR,,999
1492,Zach Gentry,TE,,999
1493,DaMarkus Lodge,WR,,428.8
1494,Dax Raymond,TE,PIT,999
1495,Travis Homer,RB,PIT,394
1496,Ryquell Armstead,RB,,999
1497,Qadree Ollison,RB,,999
1498,Jazz Ferguson,WR,,999
1499,Alexander Mattison,RB,,584.5
1500,Anthony Ratliff-Williams,WR,,350
1501,Myles Gaskin,RB,,255
1502,Terry Godwin,WR,,999
1503,Karan Higdon,RB,,999
1504,Alize Mack,TE,,573.6
1505,Trace McSorley,QB,,999
1506,Miles Boykin,WR,,999
1507,KeeSean Johnson,WR,,999
1508,Jalin Moore,RB,,999
1509,Isaac Nauta,TE,GB,999
1510,Hunter Renfrow,WR,,461.8
1511,Nyqwan Murray,WR,,999
1512,Felton Davis,WR,,999
1513,Diontae Johnson,WR,,648.9
1514,Anthony Johnson,WR,,999
1515,Emanuel Hall,WR,,607.2
1516,Elijah Holyfield,RB,,999
1517,Rodney Anderson,RB,,999
1518,Mecole Hardman,WR,BUF,608.3
1519,Darrell Henderson,RB,,640.3
1520,Andy Isabella,WR,,422
1521,Jalen Hurd,WR,,262
1522,Will Grier,QB,,999
1523,Penny Hart,WR,,999
1524,Mason Crosby,K,,595.9
1525,Damien Harris,RB,,999
1526,Bryce Love,RB,,999
1527,Hakeem Butler,TE,DEN,999
1528,Ryan Finley,QB,,447
1529,Kelvin Harmon,WR,,999
1530,Parris Campbell,WR,,272
1531,N'Keal Harry,TE,,599.5
1532,Riley Ridley,WR,,622.5
1533,Logan Paulsen,TE,,999
1534,J.J. Arcega-Whiteside,WR,,489
1535,Drew Lock,QB,SEA,692.7
1536,Phillip Andersen,K,,616.4
1537,Redford Jones,K,,999
1538,Bryant Mitchell,WR,,651.3
1539,Diontae Spencer,WR,,515.7
1540,Tristan Vizcaino,K,,476.8
1541,Ja'Quan Gardner,RB,,526.9
1542,Connor Jessop,QB,,505.6
1543,John Wolford,QB,,568.7
1544,Julian Williams,WR,,325.5
1545,Kobe McCrary,RB,,397.9
1546,Justin Stockton,RB,,351
1547,Darius Prince,WR,,485.6
1548,Darren Carrington,WR,,699.5
1549,Austin Wolf,WR,,687.5
1550,Gerald Holmes,RB,,659.3
1551,Bryce Bobo,WR,,999
1552,Marcus Peterson,WR,,675.2
1553,James Butler,RB,,583
1554,Malik Turner,WR,SF,685
1555,Malachi Jones,WR,,591
1556,Mark Chapman,WR,,690
1557,Jared Murphy,WR,,999
1558,Cam Serigne,TE,,999
1559,KhaDarel Hodge,WR,SF,999
1560,Aaron Lacombe,WR,,999
1561,Josh Smith,WR,,999
1562,Josh Crockett,WR,,999
1563,Garrett Dickerson,TE,,490.7
1564,Jaeden Graham,TE,,999
1565,Sherman Badie,RB,,999
1566,Austin Roberts,TE,,999
1567,Garrett Hudson,TE,,999
1568,Kayaune Ross,WR,,999
1569,Nick Stevens,QB,,999
1570,Eldridge Massington,WR,NO,328
1571,Dez Bryant,WR,,999
1572,C.J. Duncan,WR,,999
1573,Clayton Wilson,TE,,999
1574,Darvin Kidsy,WR,,999
1575,Ryan Yurachek,TE,,999
1576,Tim Wilson,WR,,999
1577,Nick Holley,WR,,999
1578,Luis Perez,QB,,691.8
1579,John Franklin,WR,,999
1580,Deontez Alexander,WR,,999
1581,Robert Martin,RB,,999
1582,Matt Fleming,WR,,603.5
1583,Zach Olstad,RB,,999
1584,Brandon Powell,WR,,999
1585,Ryan Santoso,K,,999
1586,Shane Wimann,RB,,999
1587,Chris Lacy,WR,,999
1588,Shaq Roland,WR,CHI,535
1589,Garrett Johnson,WR,,999
1590,Dalyn Dawkins,RB,,331
1591,Larry Rose,RB,,999
1592,Anthony Mahoungou,WR,,999
1593,Stephen Baggett,TE,,999
1594,Devonte Boyd,WR,,999
1595,Brogan Roback,QB,,999
1596,Jordan Smallwood,WR,,999
1597,Tim Tebow,TE,,999
1598,Chris Warren,RB,,999
1599,Henry Poggi,FB,,644
1600,Chad Beebe,WR,,362.3
1601,Johnny Stanton,FB,,579.3
1602,Julian Allen,FB,,373
1603,Jason Cabinda,FB,,999
1604,Khalid Hill,FB,,999
1605,Marcus Martin,RB,,999
1606,John David Moore,RB,,999
1607,Darrel Williams,RB,,999
1608,Elijah Marks,WR,,999
1609,Ryan Smith,TE,,999
1610,Derrick Willies,WR,,471.8
1611,Dontrell Hilliard,RB,,999
1612,Evan Berry,WR,,659
1613,Christian Scotland-Williamson,TE,,999
1614,Nick Keizer,TE,,999
1615,De'Lance Turner,RB,,999
1616,Mark Thompson,RB,,999
1617,Christopher Ezeala,RB,,999
1618,Kaare Vedvik,K,,999
1619,Cam Sims,WR,,999
1620,Shay Fields,WR,,999
1621,Ricky Jeune,WR,,999
1622,LaQuvionte Gonzalez,WR,,999
1623,John Diarse,WR,,999
1624,Sergio Bailey,WR,,999
1625,Ervin Philips,RB,,999
1626,Peter Pujals,QB,,258
1627,Armanti Foreman,WR,,294
1628,Justin Crawford,RB,,999
1629,Trevor Moore,K,,999
1630,Shaun Wilson,RB,,999
1631,Jack Heneghan,QB,,999
1632,Matt McCrane,K,,999
1633,Alec Bloom,TE,,999
1634,Jonah Trinnaman,WR,,999
1635,Emmanuel Sanders,WR,,389
1636,Justin Watson,WR,HOU,695.2
1637,Antonio Brown,WR,,999
1638,Dorren Miller,WR,,999
1639,Anthony Manzo-Lewis,TE,,999
1640,Nick Sharga,FB,,999
1641,Nyheim Miller-Hines,RB,,999
1642,Colt McCoy,QB,,999
1643,Equanimeous St. Brown,WR,,999
1644,James Looney,TE,,999
1645,Antonio Callaway,WR,,999
1646,Elijah Wellman,FB,,999
1647,De'Mornay Pierson-El,WR,,570
1648,Mikah Holder,WR,,999
1649,Jordan Veasy,WR,,999
1650,Devin Ross,WR,,999
1651,Deontay Burnett,WR,,285.5
1652,Cameron Batson,WR,,999
1653,Austin Allen,QB,,999
1654,Ross Dwelley,TE,,999
1655,Jeff Wilson,RB,,453
1656,Ka'Raun White,WR,,999
1657,Jarvion Franklin,RB,,999
1658,Deon Yelder,TE,,999
1659,Tyler Hoppes,TE,,999
1660,Jeff Badet,WR,,999
1661,Kamryn Pettway,RB,,999
1662,Greg Joseph,K,,698.4
1663,Buddy Howell,RB,,999
1664,Codey McElroy,TE,,999
1665,Ben Johnson,TE,,999
1666,Nic Shimonek,QB,,999
1667,Blake Mack,TE,,999
1668,Chase Litton,QB,,999
1669,Jester Weah,WR,,999
1670,Vyncint Smith,WR,,264
1671,Tim Boyle,QB,,999
1672,Teo Redding,WR,,999
1673,Jimmy Williams,WR,,546
1674,Jordan Franks,TE,,999
1675,Ray Lawry,RB,,999
1676,Robert Foster,WR,,999
1677,Andre Levrone,WR,,999
1678,Gus Edwards,RB,,478.2
1679,David Marvin,K,,668
1680,Jake Roh,TE,,323
1681,Troy Mangen,TE,,999
1682,Devin Gray,WR,,268
1683,Detrich Clark,WR,,999
1684,Dontez Byrd,WR,,999
1685,Christian Blake,WR,,610
1686,Daniel Marx,FB,,999
1687,Lamar Jordan,QB,,999
1688,Austin Ramesh,FB,,999
1689,Kyle Lewis,WR,,999
1690,David Wells,TE,,999
1691,Marcus Baugh,TE,,999
1692,Cole Hunt,TE,,999
1693,J.T. Barrett,QB,,696.6
1694,Taj Williams,WR,,999
1695,Caleb Scott,WR,TEN,999
1696,Godwin Igwebuike,RB,,999
1697,Jason Reese,TE,,999
1698,Jake Wieneke,WR,,999
1699,Korey Robertson,WR,,999
1700,Mike Boone,RB,,332.3
1701,Marchie Murdock,WR,,565
1702,Terry Swanson,RB,,682
1703,Byron Pringle,WR,,667.1
1704,Rico Gafford,WR,,999
1705,Ethan Wolf,TE,,999
1706,Akrum Wadley,RB,,999
1707,Davon Grayson,WR,,999
1708,Kevin Rader,TE,,999
1709,Phillip Lindsay,RB,,999
1710,Malik Earl,WR,,999
1711,Jordan Chunn,RB,,999
1712,Dalton Sturm,QB,,999
1713,Da'Mari Scott,WR,,649
1714,Ryan Nall,RB,,695
1715,Reggie Bonnafon,RB,,492
1716,Andrew Vollert,TE,,999
1717,Corey Willis,WR,,999
1718,Rob Gronkowski,TE,,999
1719,Luke McNitt,FB,,999
1720,Malik Williams,RB,,593.4
1721,Demario Richard,RB,,676
1722,Kurt Benkert,QB,,999
1723,Jaelon Acklin,WR,,999
1724,Trey Quinn,WR,,644
1725,Martez Carter,RB,,999
1726,Richie James,WR,,999
1727,Josh Adams,RB,,253
1728,Keith Kirkwood,WR,,655.7
1729,Steven Mitchell,WR,,999
1730,Justin Jackson,RB,,599.3
1731,Auden Tate,WR,,999
1732,Adonis Jennings,WR,,999
1733,Logan Woodside,QB,,999
1734,Austin Proehl,WR,,579.7
1735,Damoun Patterson,WR,,655.5
1736,Alex McGough,QB,,358
1737,Trenton Cannon,RB,,264
1738,Boston Scott,RB,,682.6
1739,Braxton Berrios,WR,NYG,650.1
1740,Danny Etling,QB,,545
1741,Jordan Thomas,TE,,346.8
1742,Nick Bawden,FB,,479.5
1743,Cedrick Wilson,WR,DET,641.7
1744,Bo Scarbrough,RB,,553.5
1745,Javon Wims,WR,,683.8
1746,Russell Gage,WR,,999
1747,Luke Falk,QB,,273.1
1748,Jaylen Samuels,RB,,580
1749,Dylan Cantrell,TE,,523
1750,Daurice Fountain,WR,,593
1751,Deon Cain,WR,,687.5
1752,Jordan Wilkins,RB,,999
1753,Ray-Ray McCloud,WR,CHI,999
1754,Ryan Izzo,TE,,999
1755,Troy Fumagalli,TE,,405
1756,Mike White,QB,,406.5
1757,Damion Ratley,WR,,999
1758,John Kelly,RB,,999
1759,Kerryon Johnson,RB,,999
1760,Ronald Jones,RB,,999
1761,Royce Freeman,RB,,999
1762,Michael Gallup,WR,,999
1763,Jordan Akins,TE,,999
1764,Tre'Quan Smith,WR,,999
1765,James Washington,WR,,999
1766,Anthony Miller,WR,,999
1767,Chris Herndon,TE,,484
1768,Keke Coutee,WR,,999
1769,Jaleel Scott,WR,,999
1770,Ito Smith,RB,DAL,562
1771,Chase Edmonds,RB,,999
1772,DaeSean Hamilton,WR,,999
1773,Mark Walton,RB,,999
1774,Kyle Lauletta,QB,,999
1775,Kalen Ballage,RB,,665
1776,Rashaad Penny,RB,,667
1777,Hayden Hurst,TE,,697
1778,Sony Michel,RB,,639
1779,Brett Maher,K,,698.5
1780,Ronald Jones,RB,,999
1781,DJ Chark,WR,,999
1782,Derrius Guice,RB,,999
1783,Marcell Ateman,WR,,999
1784,DeSean Smith,TE,,999
1785,Speedy Noil,WR,,999
1786,Al Riles,WR,IND,999
1787,Skyler Howard,QB,SEA,448
1788,Jalen Williams,WR,,999
1789,Austin Appleby,QB,,637
1790,Franko House,TE,CHI,999
1791,Ahmad Fulwood,WR,,999
1792,Nick Schuessler,QB,PIT,999
1793,Zach Terrell,QB,BAL,700
1794,Rushel Shell,RB,,999
1795,Garrett Scantling,WR,ATL,999
1796,Daryl Virgies,RB,,999
1797,Quincy McDuffie,WR,,999
1798,Danny Amendola,WR,,999
1799,Chase Daniel,QB,,277.5
1800,Robbie Gould,K,,653.7
1801,Lamar Atkins,WR,,999
1802,Brandon Zylstra,WR,,999
1803,Chris Bazile,TE,,999
1804,Jevoni Robinson,TE,,999
1805,Josh Rosen,QB,,560
1806,Kent Taylor,TE,,999
1807,River Cracraft,WR,,999
1808,Jerod Evans,QB,,518
1809,Mitch Leidner,QB,,999
1810,Darrius Sims,RB,,999
1811,Andrew Price,TE,,999
1812,Justice Liggins,WR,,999
1813,Daniel Williams,WR,,999
1814,Rashard Davis,WR,,999
1815,Germone Hopper,WR,,344
1816,Keevan Lucas,WR,,999
1817,Jamari Staples,WR,,999
1818,Brian Riley,WR,,695.5
1819,De'Quan Hampton,WR,,432
1820,Marvin Bracy,WR,,999
1821,Mike Estes,TE,,999
1822,Brandon Radcliff,RB,,999
1823,Pig Howard,WR,,999
1824,Nate Iese,TE,,999
1825,C.J. Germany,WR,,999
1826,Josh Rounds,RB,,999
1827,Tommy Armstrong Jr.,QB,,999
1828,Darius Victor,RB,,999
1829,Robert Wheelwright,WR,,999
1830,Jordan Westerkamp,WR,,637.5
1831,Jhajuan Seales,WR,,999
1832,Kermit Whitfield,WR,,999
1833,Bra'Lon Cherry,WR,,999
1834,De'Chavon Hayes,RB,,999
1835,David Olson,QB,,999
1836,De'Mard Llorens,RB,,999
1837,Adam Zaruba,TE,,999
1838,Fred Brown,WR,,999
1839,Lance Lenoir,WR,,999
1840,Cameron Posey,WR,,999
1841,Stevie Donatell,TE,,999
1842,Barrett Burns,TE,BAL,999
1843,Dan Arnold,TE,,999
1844,Colby Pearson,WR,,999
1845,Alex Gray,TE,,679.6
1846,Joe Bacci,FB,,999
1847,Sam Cotton,TE,,684
1848,Bart Houston,QB,,999
1849,Mitchell Paige,WR,,999
1850,Phazahn Odom,TE,,999
1851,Shakeir Ryan,WR,,999
1852,Gio Pascascio,WR,,999
1853,KeVonn Mabon,WR,,999
1854,Tyler Ferguson,QB,,698
1855,Kevin Snead,WR,,999
1856,Khalid Abdullah,RB,,999
1857,Trey Edmunds,RB,,999
1858,Aaron Bailey,QB,BAL,999
1859,Larry Clark,WR,,999
1860,Tyrone Swoopes,TE,,999
1861,Darreus Rogers,WR,,999
1862,Algernon Brown,FB,,999
1863,Artavis Scott,WR,,999
1864,Andre Patton,WR,,999
1865,Eli Jenkins,QB,,999
1866,Sean Culkin,TE,,999
1867,Corey Clement,RB,,999
1868,Billy Brown,TE,,999
1869,Colin Thompson,TE,,466
1870,Keeon Johnson,WR,,999
1871,Lenard Tillery,RB,,999
1872,I'Tavius Mathers,RB,,999
1873,Amba Etta-Tawo,WR,,999
1874,Tim Cook,RB,,372
1875,Keelan Cole,WR,,999
1876,Caleb Bluiett,TE,,999
1877,Shaq Hill,WR,,999
1878,Deante' Gray,WR,,470
1879,Zach Conque,QB,,999
1880,Evan Baylis,TE,,999
1881,Noel Thomas,WR,,999
1882,Michael Rector,WR,,999
1883,Dontez Ford,WR,,999
1884,Brandon Barnes,TE,,999
1885,Kyle Sloter,QB,,477
1886,Anthony Nash,WR,,999
1887,Cooper Rush,QB,ATL,569.8
1888,Blake Jarwin,TE,,696
1889,Brian Brown,WR,,999
1890,Taylor McNamara,TE,,999
1891,Freddie Stevenson,FB,,999
1892,Andy Phillips,K,,999
1893,Tanner Gentry,WR,,999
1894,Michael Crabtree,WR,,999
1895,Joel Bouagnon,RB,,999
1896,Keith Towbridge,TE,,999
1897,Daikiel Shorts,WR,,999
1898,Jordan Johnson,RB,,999
1899,Jason Croom,TE,,999
1900,Steven Wroblewski,TE,,637.7
1901,James Summers,RB,,999
1902,Ricky Seals-Jones,TE,,999
1903,Trevor Knight,QB,,999
1904,Krishawn Hogan,WR,,999
1905,Travin Dural,WR,,999
1906,Devine Redding,RB,,999
1907,B.J. Johnson,WR,,999
1908,Gabe Marks,WR,,254
1909,John Robinson-Woodgett,RB,,999
1910,Tony Stevens,WR,,999
1911,Alonzo Moore,WR,,275
1912,Marcus Kemp,WR,,999
1913,Wyatt Houston,TE,CAR,999
1914,Gehrig Dieter,WR,,999
1915,William Stanback,RB,,999
1916,Bobo Wilson,WR,,678
1917,Thomas Sperbeck,WR,,999
1918,Sefo Liufau,QB,,297.5
1919,Antony Auclair,TE,,455
1920,Tyler McCloskey,RB,,557.3
1921,K.D. Cannon,WR,,999
1922,Matt Breida,RB,,999
1923,Victor Bolden,WR,,999
1924,Keon Hatcher,WR,,999
1925,Pharaoh Brown,TE,IND,999
1926,Connor Harris,FB,,999
1927,Anthony Firkser,TE,,999
1928,Brisly Estime,WR,,999
1929,Jacob Hollister,TE,,999
1930,Cody Hollister,WR,,999
1931,Austin Carr,WR,,999
1932,R.J. Shelton,WR,,999
1933,Josiah Price,TE,,999
1934,Terrell Newby,RB,,999
1935,Wes Lunt,QB,,999
1936,Damore'ea Stringfellow,WR,,999
1937,Drew Morgan,WR,,999
1938,Malcolm Lewis,WR,,999
1939,Kalif Phillips,RB,,999
1940,Aaron Peck,TE,,541.9
1941,Stanley Williams,RB,,999
1942,Monty Madaris,WR,,999
1943,Darrin Laufasa,FB,,999
1944,Karel Hamilton,WR,,999
1945,Cethan Carter,TE,,999
1946,Fred Ross,WR,,999
1947,Austin Duke,WR,,999
1948,Patrick Ricard,FB,NYG,999
1949,Ricky Ortiz,FB,,999
1950,Taquan Mizzell,RB,NYG,999
1951,C.J. Board,WR,,999
1952,Levern Jacobs,WR,,999
1953,P.J. Walker,QB,,999
1954,JoJo Natson,WR,,999
1955,Jerome Lane,WR,,681
1956,Colin Jeter,TE,,999
1957,Bug Howard,TE,,999
1958,Trey Griffey,WR,,999
1959,Darrell Daniels,TE,,999
1960,Dalton Crossan,RB,,999
1961,James Quick,WR,,999
1962,Zach Pascal,WR,,596
1963,Johnny Mundt,TE,PHI,999
1964,Scott Orndoff,TE,,999
1965,Tyler Renew,RB,,999
1966,Josh Magee,WR,,999
1967,Ishmael Zamora,WR,,999
1968,Robert Davis,WR,,999
1969,Khalfani Muhammad,RB,,999
1970,Chris Carson,RB,,575.5
1971,Elijah McGuire,RB,KC,999
1972,Isaiah Ford,WR,,999
1973,Sam Rogers,FB,,999
1974,Mason Schreck,TE,,999
1975,Alex Armah,FB,,999
1976,Jeremy Sprinkle,TE,,999
1977,Trent Taylor,WR,,999
1978,Shelton Gibson,WR,,999
1979,Rodney Adams,WR,,999
1980,DeAngelo Yancey,WR,,999
1981,Jamal Agnew,WR,,999
1982,Isaiah McKenzie,WR,,999
1983,Brian Hill,RB,,999
1984,T.J. Logan,RB,,999
1985,Bucky Hodges,TE,,539.7
1986,Nathan Peterman,QB,,693.2
1987,Chad Hansen,WR,,999
1988,Jehu Chesson,WR,,999
1989,Ryan Switzer,WR,,477
1990,Josh Malone,WR,,999
1991,Tarik Cohen,RB,,999
1992,Jordan Leggett,TE,,999
1993,Marlon Mack,RB,,693
1994,Jake Butt,TE,,999
1995,Wayne Gallman,RB,,586
1996,Jamaal Williams,RB,,999
1997,Dede Westbrook,WR,,999
1998,Amara Darboh,WR,,999
1999,Kenny Golladay,WR,,999
2000,Chad Williams,WR,,274
2001,C.J. Beathard,QB,,999
2002,Taywan Taylor,WR,,999
2003,D'Onta Foreman,RB,,252
2004,Carlos Henderson,WR,,999
2005,Gerald Everett,TE,,999
2006,Adam Shaheen,TE,,999
2007,Zay Jones,WR,,643
2008,Mike Williams,WR,,999
2009,Davis Webb,QB,,295
2010,O.J. Howard,TE,,999
2011,Chad Kelly,QB,,670.8
2012,Cyril Grayson,WR,,999
2013,Joe Williams,RB,,999
2014,John Ross,WR,,999
2015,Corey Davis,WR,,999
2016,Travis Wilson,TE,,999
2017,Dalvin Cook,RB,,700.3
2018,DeShone Kizer,QB,,661.5
2019,Joe Mixon,RB,,204.6
2020,Chris Briggs,TE,,999
2021,Jacob Huesman,QB,,417.8
2022,Leonard Fournette,RB,,658.2
2023,Blake Sims,QB,,494
2024,Troymaine Pope,RB,,999
2025,Nick Truesdell,TE,,999
2026,Harvey Binford,WR,,999
2027,Kendal Thompson,WR,,999
2028,David Watford,WR,,999
2029,Ryan Succop,K,,999
2030,Sam Ficken,K,,615
2031,Eric Wallace,TE,,429
2032,Marvin Hall,WR,,999
2033,Garrett Griffin,TE,,999
2034,Reece Horn,WR,,999
2035,Kyle Coleman,FB,,999
2036,Devon Bell,K,,697
2037,Romar Morris,RB,,999
2038,M.J. McFarland,TE,,339
2039,Jalen Richard,RB,LV,999
2040,Jalen Simmons,RB,,398
2041,Jaydon Mickens,WR,,999
2042,Duke Williams,WR,,999
2043,C.J. Ham,FB,,999
2044,Aldrick Rosas,K,,999
2045,Alex Ellis,TE,,999
2046,Marcus Tucker,WR,,999
2047,Brandon Brown-Dukes,RB,,999
2048,Alstevis Squirewell,RB,,999
2049,Jon Brown,K,,683
2050,Elijhaa Penny,RB,,999
2051,Cedric O'Neal,RB,,999
2052,Jason Vander Laan,TE,,999
2053,Quenton Bundrage,WR,,999
2054,Brandon Shippen,WR,,674.5
2055,Richard Mullaney,WR,,999
2056,Tevin Jones,WR,,999
2057,Dennis Parks,WR,,999
2058,J.P. Holtz,TE,,999
2059,Tra Carson,RB,,999
2060,Will Ratelle,FB,,999
2061,Jared Cook,TE,,487.1
2062,Joshua Perkins,TE,NYJ,999
2063,J.D. McKissic,RB,,999
2064,Valdez Showers,WR,,307.3
2065,Reggie Diggs,WR,,269
2066,Mike Thomas,WR,,999
2067,Matt Weiser,TE,,999
2068,Quayvon Hicks,RB,,999
2069,Soma Vainuku,RB,,999
2070,Durron Neal,WR,,523.3
2071,Jordan Williams-Lambert,WR,,999
2072,Sione Houma,RB,,999
2073,Tommylee Lewis,WR,,999
2074,Chris King,WR,,999
2075,Amir Carlisle,WR,,999
2076,Dez Stewart,WR,,999
2077,Kivon Cartwright,TE,,999
2078,Peyton Barber,RB,,999
2079,Anthony Kelly,WR,,999
2080,Michael Miller,TE,,999
2081,Marcus Leak,WR,,999
2082,Chester Rogers,WR,,999
2083,Marshall Morgan,K,,999
2084,John Lunsford,K,,999
2085,Andrew Bonnet,FB,,999
2086,Brandon Ross,RB,,467.7
2087,Marken Michel,WR,,999
2088,Bryce Williams,TE,,999
2089,Christian Powell,RB,,999
2090,Canaan Severin,WR,,999
2091,David Reeves,TE,,999
2092,Max Wittek,QB,,999
2093,Jamal Robinson,WR,,999
2094,DeAndre Reaves,WR,,999
2095,Jamaal Jones,WR,,999
2096,Marshaun Coprich,RB,,999
2097,Marquise Williams,QB,,665
2098,Jay Lee,WR,,626.5
2099,Mitch Mathews,WR,,999
2100,K.J. Maye,WR,,624
2101,Jake McGee,TE,,999
2102,Dom Williams,WR,,999
2103,Steven Scheu,TE,,999
2104,Geronimo Allison,WR,,469
2105,Devon Cajuste,WR,,999
2106,Darion Griswold,TE,,999
2107,Stephen Anderson,TE,,999
2108,Mike Bercovici,QB,,999
2109,D.J. Foster,RB,,999
2110,Chris Brown,WR,,679
2111,Johnny Holton,WR,,999
2112,Keyarris Garrett,WR,,999
2113,Taylor Bertolet,K,,430
2114,Ben Braunecker,TE,,999
2115,Marquez North,WR,,999
2116,Jared Dangerfield,WR,,999
2117,Ross Martin,K,,999
2118,Joel Stave,QB,,999
2119,Danny Anthrop,WR,,999
2120,Josh Ferguson,RB,,287.8
2121,Brian Hoyer,QB,,465.3
2122,Cayleb Jones,WR,,999
2123,Marcus Johnson,WR,,999
2124,Chris Swain,FB,,999
2125,Josh Woodrum,QB,,999
2126,Julian Edelman,WR,,999
2127,Alex Erickson,WR,,999
2128,Robbie Chosen,WR,,999
2129,Mekale McKay,WR,,999
2130,Devon Johnson,RB,,999
2131,Jake Coker,QB,,670
2132,Beau Sandland,TE,,999
2133,Zac Brooks,RB,,999
2134,Kenny Lawler,WR,,660.2
2135,Keith Marshall,RB,,999
2136,Devin Fuller,WR,,999
2137,Dwayne Washington,RB,,999
2138,Devin Lucien,WR,,999
2139,Darius Jackson,RB,,999
2140,Jeff Driskel,QB,,999
2141,Brandon Allen,QB,NYG,999
2142,Cody Core,WR,,999
2143,Derek Watt,FB,,671.3
2144,Dan Vitale,FB,,999
2145,Kolby Listenbee,WR,,999
2146,Jake Rudock,QB,,999
2147,Nate Sudfeld,QB,,281.5
2148,Jakeem Grant,WR,,999
2149,Jerell Adams,TE,,999
2150,Moritz Bohringer,TE,,999
2151,Temarrick Hemingway,TE,WAS,999
2152,Andy Janovich,FB,,367
2153,Ryan Fitzpatrick,QB,,682.4
2154,Rashard Higgins,WR,,999
2155,Trevor Davis,WR,,999
2156,Kevin Hogan,QB,,999
2157,Jonathan Williams,RB,,999
2158,Philip Rivers,QB,,999
2159,Wendell Smallwood,RB,WAS,999
2160,Jordan Howard,RB,,999
2161,DeAndre Washington,RB,,425.5
2162,Tajae Sharpe,WR,,999
2163,Seth DeValve,TE,,999
2164,Tyler Ervin,RB,,999
2165,Pharoh Cooper,WR,,999
2166,Nick Vannett,TE,SEA,666
2167,Kenyan Drake,RB,,999
2168,Bronson Kaufusi,TE,GB,999
2169,Tyler Boyd,WR,,565
2170,Paul Perkins,RB,,999
2171,Devontae Booker,RB,,999
2172,Kenneth Dixon,RB,,999
2173,Cody Kessler,QB,,999
2174,C.J. Prosise,RB,,999
2175,Michael Thomas,WR,,688.3
2176,Josh Doctson,WR,,999
2177,Corey Coleman,WR,,999
2178,Paxton Lynch,QB,,999
2179,Ezekiel Elliott,RB,,692.4
2180,William Fuller,WR,,667
2181,Laquon Treadwell,WR,IND,423
2182,Xavier Rush,WR,,999
2183,Anthony Dable,WR,,999
2184,Matthew Slater,WR,,999
2185,Jamel Johnson,WR,,999
2186,Kendrick Ings,WR,,999
2187,Gannon Sinclair,TE,,999
2188,Ross Travis,TE,,999
2189,Matt Lengel,TE,,999
2190,Devin Gardner,WR,,999
2191,Dan Light,TE,,999
2192,Matt Wile,P,,999
2193,Logan Stokes,TE,,688.5
2194,Ross Scheuerman,RB,,680
2195,Zach D'Orazio,WR,,999
2196,Ernst Brun,TE,,999
2197,Synjyn Days,RB,,999
2198,Brandon Cottom,RB,,999
2199,Clay Burton,TE,,999
2200,Lee Ward,RB,,999
2201,Matt LaCosse,TE,NE,999
2202,Mark Weisman,RB,,491.1
2203,Des Lawrence,WR,,999
2204,Javess Blue,WR,,519.3
2205,Cam Worthy,WR,,999
2206,Damond Powell,WR,,999
2207,Rasheed Williams,RB,,999
2208,Ricky Collins,WR,,999
2209,Jonathon Rumph,WR,,999
2210,Corey Knox,RB,,999
2211,Eric Frohnapfel,TE,,999
2212,Deshon Foxx,WR,,999
2213,Justin Tukes,TE,,999
2214,Adrian Coxson,WR,,630
2215,Keshawn Hill,RB,,999
2216,Darius Davis,WR,,999
2217,Connor Neighbors,RB,,338.9
2218,Devin Mahina,TE,,999
2219,Taylor Sloat,TE,,999
2220,Jeret Smith,WR,,654
2221,Demetrius Wilson,WR,,999
2222,Brian Vogler,TE,,999
2223,Ify Umodu,WR,,999
2224,Luke Lundy,RB,,999
2225,Gavin Lutman,WR,,999
2226,Justin Manton,K,,999
2227,Tyler Rutenbeck,WR,,999
2228,Beau Gardner,TE,,999
2229,Bell Braylon,WR,,999
2230,Josh Reese,WR,,999
2231,Shane Carden,QB,,999
2232,Terrence Franks,RB,,999
2233,Cameron Clear,TE,,999
2234,Rodney Smith,RB,,999
2235,Drew Brees,QB,,999
2236,Justin Sinz,TE,,999
2237,Zach Laskey,RB,,999
2238,Isiah Ferguson,WR,,999
2239,Tony Creecy,RB,,999
2240,Ray Hamilton,TE,,999
2241,Marquez Clark,WR,,999
2242,Delanie Walker,TE,,999
2243,Trevor Harman,WR,,999
2244,Kenny Cook,WR,,999
2245,Adam Humphries,WR,,999
2246,Jake Kumerow,WR,,999
2247,Dominique Brown,RB,,999
2248,Mike Meyer,K,,657.2
2249,Michael Palardy,P,,653
2250,Daniel Rodriguez,WR,,999
2251,Corey Acosta,K,,999
2252,DeAndrew White,WR,,999
2253,Mario Hull,WR,,999
2254,Nigel King,WR,,999
2255,David Porter,WR,,999
2256,Gus Johnson,RB,,999
2257,Kenzel Doe,WR,,999
2258,Jimmie Hunt,WR,,999
2259,Harold Spears,TE,,413
2260,Braylon Heard,RB,,999
2261,Jawon Chisholm,RB,,999
2262,Andrew Gleichert,TE,,999
2263,Eric Tomlinson,TE,,514
2264,Michael Johnson,WR,,999
2265,Rasheed Bailey,WR,,999
2266,Trent Steelman,WR,,999
2267,Daniel Brown,TE,,999
2268,Kasey Closs,WR,,999
2269,Kenneth Harper,RB,,999
2270,Josh Harper,WR,,999
2271,Taylor Heinicke,QB,,661
2272,Ezell Ruffin,WR,,999
2273,Corbin Louks,WR,,999
2274,Alex Smith,QB,,654.3
2275,Paul Browning,WR,,999
2276,Damiere Byrd,WR,,999
2277,Damarr Aultman,WR,,999
2278,Josh Lambo,K,,999
2279,Ryan Mueller,FB,,999
2280,Phillip Sims,QB,,999
2281,Ty Long,P,,518.7
2282,Tony Jones,WR,,999
2283,Jarred Haggins,WR,,999
2284,Vernon Johnson,WR,,999
2285,Desmond Martin,RB,,999
2286,Jake Heaps,QB,,999
2287,Darius Jennings,WR,,999
2288,Ricky Seale,RB,,999
2289,Michael Dyer,RB,,999
2290,Tim Semisch,TE,,999
2291,Antwan Goodley,WR,,999
2292,Malcolm Brown,RB,,999
2293,Dres Anderson,WR,,290
2294,Tyrell Williams,WR,,414
2295,Cole Stoudt,QB,,999
2296,Jahwan Edwards,RB,,700.8
2297,Titus Davis,WR,,999
2298,John Harris,WR,,999
2299,Devante Davis,WR,,999
2300,Cody Fajardo,QB,,999
2301,DaVaris Daniels,WR,,999
2302,Donatella Luckett,WR,,999
2303,Jake Waters,QB,,999
2304,Bryan Bennett,QB,,663
2305,Jean Sifrin,TE,,999
2306,Anthony Boone,QB,,656
2307,Zach Zenner,RB,,513.3
2308,Jerry Lovelocke,QB,,999
2309,Rory Anderson,TE,,999
2310,Trevor Siemian,QB,,999
2311,Geoff Swaim,TE,,999
2312,Da'Ron Brown,WR,,999
2313,Ben Koyack,TE,,999
2314,Bud Sasser,WR,,529.5
2315,Malcolm Johnson,FB,,999
2316,Nick O'Leary,TE,,999
2317,Geremy Davis,WR,,999
2318,James O'Shaughnessy,TE,,999
2319,Nick Boyle,TE,,999
2320,Michael Burton,FB,CLE,999
2321,Kenny Bell,WR,,999
2322,Jesse James,TE,,636.8
2323,J.J. Nelson,WR,,684
2324,C.J. Uzomah,TE,,999
2325,Darren Sproles,RB,,999
2326,Jay Ajayi,RB,,667.1
2327,Brett Hundley,QB,,999
2328,MyCole Pruitt,TE,,263
2329,Mike Davis,RB,,638
2330,Javorius Allen,RB,,999
2331,Blake Bell,TE,,999
2332,Justin Hardy,WR,,999
2333,Jamison Crowder,WR,,999
2334,Matt Ryan,QB,,999
2335,Ty Montgomery,RB,,999
2336,Jeff Heuerman,TE,,999
2337,Sean Mannion,QB,,694.7
2338,David Johnson,RB,,999
2339,Tyler Kroft,TE,,999
2340,Duke Johnson,RB,,999
2341,Chris Conley,WR,,999
2342,Tevin Coleman,RB,,999
2343,Clive Walford,TE,,999
2344,Maxx Williams,TE,,243
2345,Devin Funchess,TE,,999
2346,Devin Smith,WR,,999
2347,T.J. Yeldon,RB,,999
2348,Phillip Dorsett,WR,LV,999
2349,Breshad Perriman,WR,,999
2350,Matt Moore,QB,,999
2351,Nelson Agholor,WR,,999
2352,Melvin Gordon,RB,,589
2353,Frank Gore,RB,,999
2354,DeVante Parker,WR,,999
2355,Todd Gurley,RB,,678.1
2356,Kevin White,WR,,999
2357,Amari Cooper,WR,,999
2358,Jerome Cunningham,TE,,650
2359,Jason Witten,TE,,999
2360,Dontrelle Inman,WR,,999
2361,Paul Richardson,WR,,999
2362,Trey Millard,RB,,999
2363,Carlos Hyde,RB,,999
2364,Logan Thomas,TE,,999
2365,John Brown,WR,,999
2366,Larry Fitzgerald,WR,,999
2367,Garrett Gilbert,QB,,999
2368,Cameron Brate,TE,,999
2369,Logan Kilgore,QB,,999
2370,Timothy Flanders,RB,,999
2371,Marcus Lucas,WR,,999
2372,Roosevelt Nix,FB,,533
2373,Devonta Freeman,RB,,687.3
2374,Jerick McKinnon,RB,,999
2375,Richard Rodgers,TE,,319
2376,Rajion Neal,RB,,999
2377,T.J. Jones,WR,,999
2378,James Franklin,QB,,999
2379,Eric Ebron,TE,PIT,999
2380,Senorise Perry,RB,,999
2381,David Fales,QB,,418
2382,Ryan Grant,WR,,999
2383,Xavier Grimble,TE,,999
2384,Josh McCown,QB,,999
2385,Keith Smith,FB,,999
2386,Brelan Chancellor,WR,,999
2387,Scott Simonson,TE,,999
2388,Seth Roberts,WR,,999
2389,Albert Wilson,WR,,999
2390,De'Anthony Thomas,WR,,670
2391,Cody Latimer,WR,,435
2392,Bennie Fowler,WR,,999
2393,Vernon Davis,TE,,999
2394,Allen Robinson,WR,,999
2395,Marqise Lee,WR,,999
2396,Allen Hurns,WR,MIA,999
2397,Blake Bortles,QB,NO,626.1
2398,Cody Parkey,K,,999
2399,Donte Moncrief,WR,,641.5
2400,Lacoltan Bester,WR,,999
2401,Derel Walker,WR,,999
2402,Martavis Bryant,WR,,999
2403,Willie Snead,WR,,999
2404,Taylor Gabriel,WR,,999
2405,AJ McCarron,QB,,268.5
2406,Shaquelle Evans,WR,,999
2407,Quincy Enunwa,WR,,999
2408,James White,RB,,999
2409,Derrick Johnson,WR,,999
2410,Stephen Houston,RB,,999
2411,Adrian Peterson,RB,,999
2412,Damien Williams,RB,,999
2413,Jarvis Landry,WR,,267
2414,Sammy Watkins,WR,,679.9
2415,Drew Stanton,QB,,999
2416,Jordan Matthews,TE,,390
2417,David Fluellen,RB,,999
2418,Trey Burton,TE,,999
2419,Matt Schaub,QB,,656.5
2420,Josh Hill,TE,,999
2421,Case Keenum,QB,CHI,527
2422,Derek Carrier,TE,,498
2423,Jack Doyle,TE,IND,999
2424,Eric Rogers,WR,,999
2425,Brandon Williams,CB,,999
2426,Zach Line,FB,,999
2427,Adam Thielen,WR,,605.8
2428,Jaron Brown,WR,,999
2429,Uzoma Nwachukwu,WR,,999
2430,Tom Brady,QB,,999
2431,Terrell Sinkfield,WR,,999
2432,Levine Toilolo,TE,NYG,999
2433,Demetrius Harris,TE,,999
2434,Tyler Bray,QB,,999
2435,Nick Williams,WR,DEN,999
2436,Luke Willson,TE,,999
2437,Spencer Ware,RB,,999
2438,Darren Fells,TE,TB,999
2439,Vance McDonald,TE,,658.3
2440,Tavon Austin,WR,,999
2441,Mike Glennon,QB,,501.2
2442,Kenny Stills,WR,,443
2443,Ryan Griffin,QB,,999
2444,Kenjon Barner,RB,,999
2445,Cordarrelle Patterson,RB,,651.9
2446,Theo Riddick,RB,,999
2447,Chris Thompson,RB,,999
2448,Jordan Reed,TE,,498.8
2449,Latavius Murray,RB,,692.1
2450,DeSean Jackson,WR,,587.8
2451,C.J. Anderson,RB,,999
2452,Ryan Griffin,TE,,999
2453,Barika Kpeenu,RB,TB,404.6
2454,Le'Veon Bell,RB,,999
2455,Justin Jones,RB,,999
2456,Grant Finley,FB,NYG,999
2457,Connor Hulstein,TE,NYJ,999
2458,Drew Biber,TE,CLE,999
2459,Jeff Weimer,WR,KC,999
2460,Roydell Williams,RB,,999
2461,Liam Clifford,WR,LAC,999
2462,Tyler Moore,TE,IND,653.3
2463,Jeremiah Franklin,TE,MIA,528
2464,Malick Meiga,WR,,317.2
2465,Kyre Duplessis,WR,DEN,999
2466,Louis Hansen,TE,HOU,999
2467,Brandon Hayes,WR,,999
2468,Heinrich Haarberg,TE,,664.5
2469,Miles Davis,RB,CAR,999
2470,Anderson Castle,RB,IND,559.3
2471,Terrill Davis,WR,MIN,999
2472,Mante Morrow,WR,,283.5
2473,Trayvon Rudolph,WR,MIN,999
2474,Rashad Rochelle,WR,SEA,999
2475,Brock Rechsteiner,WR,NO,999
2476,Kyron Hudson,WR,,999
2477,Johnny Pascuzzi,TE,LAC,563.2
2478,Kadarius Calloway,RB,TB,511.4
2479,Dean Patterson,WR,TB,999
2480,Jordan Nubin,RB,,999
2481,Brett Weaver,TE,,999
2482,Rodney Hammond,RB,DEN,999
2483,Tommy Thomas,WR,,419
2484,Julius Davis,RB,,999
2485,Trent Howland,RB,,999
2486,Paul Geelen,K,,999
2487,E.J. Warner,QB,,999
2488,Stone Eby,TE,,676
2489,Kolbe Katsis,WR,DEN,663.7
2490,Le'Meke Brockington,WR,,999
2491,Keelan Marion,WR,ATL,999
2492,Brandon Frazier,TE,,999
2493,Jimmy Kibble,WR,NE,999
2494,Myles Montgomery,RB,,668.9
2495,Nick DeGennaro,WR,NE,999
2496,Cameron Dorner,WR,NE,377.3
2497,Kenny Fletcher,TE,TB,999
2498,Damon Bankston,RB,NYG,999
2499,Squirrel White,WR,,473.7
2500,Omari Kelly,WR,CHI,999
2501,Gabriel Benyard,WR,,999
2502,Jackson Acker,FB,,511
2503,E.J. Horton,WR,,999
2504,Jordon Vaughn,RB,,999
2505,Sahmir Hagans,WR,IND,999
2506,Joshua Pitsenberger,RB,HOU,999
2507,Jonathan Brady,WR,,999
2508,Xavier Loyd,WR,KC,643
2509,Patrick Gurd,TE,LV,999
2510,Elijah Tau-Tolliver,RB,BAL,333.7
2511,Jaden Nixon,RB,GB,999
2512,Omari Evans,WR,KC,999
2513,Jacob De Jesus,WR,KC,671.9
2514,Corey Rucker,WR,LV,999
2515,Michael Briscoe,WR,MIN,999
2516,Levi Wentz,WR,PIT,999
2517,DeShawn Hanika,TE,,999
2518,Tyler Eifert,TE,,334
2519,Jameson Geers,TE,ARI,999
2520,Sam Scott,RB,NYJ,999
2521,Quentin Moore,TE,WAS,999
2522,Rex Burkhead,RB,,999
2523,Sean Brown,WR,,463.9
2524,Treyvhon Saunders,WR,HOU,509.1
2525,Daniel Sobkowicz,WR,HOU,999
2526,Giovani Bernard,RB,,686.3
2527,Jalen Walthall,WR,,410.2
2528,Dontae McMillan,RB,BAL,491.9
2529,Octavian Smith,WR,BAL,999
2530,Cortez Braham,WR,BAL,999
2531,Coleman Bennett,RB,,485
2532,Ethan Sanchez,K,,999
2533,Chase Curtis,TE,NYJ,999
2534,Mekhi Mews,WR,,999
2535,Cody Hardy,TE,NO,999
2536,Kevorian Barnes,RB,,999
2537,Kyle Dixon,WR,NE,630
2538,Tanner Arkin,TE,NE,999
2539,Caullin Lacy,WR,NYJ,999
2540,Malik McClain,WR,NYJ,999
2541,Romello Brinson,WR,,696
2542,Mark Gronowski,QB,MIA,999
2543,Laith Marjan,K,PIT,611.3
2544,Rohan Jones,TE,LAR,527.7
2545,Matt Lauter,TE,TEN,999
2546,E.J. Williams,WR,LV,326.5
2547,Kansei Matsuzawa,K,LV,999
2548,Jacob Clark,QB,LV,677
2549,Ben Roethlisberger,QB,PIT,999
2550,Raylen Sharpe,WR,IND,999
2551,Ken Seals,QB,,349
2552,Terion Stewart,RB,KC,999
2553,Al-Jay Henderson,RB,,658
2554,EJ Smith,RB,KC,999
2555,Ademola Faleye,TE,,999
2556,Hank Beatty,WR,TEN,619.6
2557,Isaiah Jacobs,RB,,999
2558,Eni Falayi,TE,,999
2559,J. Michael Sturdivant,WR,GB,437.2
2560,Josh Pitsenburger,RB,,286
2561,Chris Freeman,K,,421
2562,Jaden Bradley,WR,WAS,999
2563,TJ Harden,RB,,999
2564,Kole Wilson,WR,CLE,999
2565,Cameron Ross,WR,DEN,999
2566,Joseph Manjack,WR,DEN,650
2567,Luke Drzewiecki,K,,999
2568,Camden Brown,WR,DAL,574.8
2569,Dominic Richardson,RB,,999
2570,Hayden Large,TE,CHI,301.5
2571,Gabriel Plascencia,K,,628.5
2572,Kobe Prentice,WR,NE,540
2573,Ty Pezza,TE,BAL,999
2574,Malik Rutherford,WR,,999
2575,Max Tomczak,WR,BUF,999
2576,Ja'Mori Maclin,WR,BUF,999
2577,Jake Retzlaff,QB,,999
2578,Kaidon Salter,QB,,652
2579,Noah Short,WR,,534
2580,Chris Hilton,WR,GB,999
2581,Trent Battle,RB,,999
2582,Harrison Wallace,WR,ARI,335
2583,Marcus Burke,WR,,999
2584,Wesley Grimes,WR,SF,999
2585,Will Pauling,WR,SF,694
2586,Ethan Conner,TE,,999
2587,Brady Boyd,WR,JAX,652.5
2588,Alex Bullock,WR,,999
2589,Ben Patterson,WR,CLE,999
2590,Michael Wortham,WR,JAX,291.8
2591,Mason Shipley,K,,497.8
2592,Devonte Ross,WR,LAC,999
2593,Evan Svoboda,TE,LAC,493
2594,Shaleak Knotts,WR,,999
2595,Dillon Bell,WR,MIN,999
2596,Marcus Sanders,WR,MIN,999
2597,Luke Wysong,WR,,999
2598,Jerand Bradley,WR,LAC,657
2599,Sincere Brown,WR,LAC,458.1
2600,Gregory Desrosiers,RB,LAC,999
2601,Jack Strand,QB,ATL,999
2602,Tyren Montgomery,WR,TEN,667.4
2603,Kyron Drones,QB,,531.3
2604,Matthew Caldwell,QB,LAR,353
2605,Cash Jones,RB,ATL,646
2606,Chandler Morris,QB,,999
2607,Anthony Smith,WR,DAL,999
2608,Carsen Ryan,TE,CLE,999
2609,Dallen Bentley,TE,DEN,999
2610,Athan Kaliakmanis,QB,WAS,376.5
2611,CJ Williams,WR,JAX,999
2612,Lewis Bond,WR,HOU,678.4
2613,Robert Woods,WR,,999
2614,Dustin Hopkins,K,,999
2615,Marquise Goodwin,WR,,675
2616,Damien Alford,WR,,408
2617,DeaMonte Trayanum,RB,NYJ,999
2618,Noah Whittington,RB,HOU,521.1
2619,Kentrel Bullock,RB,CIN,615.3
2620,Khalil Dinkins,TE,,999
2621,RJ Maryland,TE,GB,999
2622,Joey Aguilar,QB,JAX,483
2623,Sawyer Robertson,QB,,999
2624,Jalon Daniels,QB,TB,659.3
2625,Eli Heidenreich,RB,PIT,999
2626,Robert Henry,RB,WAS,464.1
2627,Roman Hemby,RB,LV,691
2628,Haynes King,QB,CAR,999
2629,Kendrick Law,WR,DET,999
2630,Donaven McCulley,WR,MIA,999
2631,Carson Towt,TE,IND,999
2632,Garrett Nussmeier,QB,KC,668
2633,Jeff Caldwell,WR,KC,475
2634,Matt Barkley,QB,,245
2635,DJ Rogers,TE,DAL,999
2636,Chris Brazzell,WR,CAR,400
2637,Lincoln Pare,RB,,999
2638,Junior Vandeross,WR,,999
2639,Joe Fagnano,QB,BAL,664
2640,Preston Fox,WR,,999
2641,Vinny Anthony,WR,ATL,999
2642,Davon Booth,RB,CLE,999
2643,Cole Payton,QB,PHI,999
2644,C.J. Charleston,WR,,999
2645,Dae'Quan Wright,TE,CLE,999
2646,Russell Shepard,WR,,999
2647,Anthony Hankerson,RB,SEA,629.8
2648,DT Sheffield,WR,,999
2649,Jordan Hudson,WR,DAL,695.8
2650,Rahsul Faison,RB,,999
2651,Dan Villari,TE,LAR,347.1
2652,Luke Altmyer,QB,DET,999
2653,Emmanuel Henderson,WR,SEA,999
2654,Josh Kattus,TE,CIN,541
2655,Miller Moss,QB,CHI,999
2656,Bauer Sharp,TE,TB,999
2657,O'Mega Blake,WR,,999
2658,Le'Veon Moss,RB,,999
2659,Behren Morton,QB,NE,999
2660,Lake McRee,TE,PIT,613
2661,Kejon Owens,RB,,999
2662,Jalen Moss,WR,,692
2663,Chris Hogan,WR,,999
2664,Dylan Devezin,RB,,529.8
2665,Chamon Metayer,TE,,260.5
2666,CJ Donaldson,RB,NO,434
2667,Dohnte Meyers,WR,CIN,620.9
2668,Layne Pryor,TE,HOU,999
2669,Phil Lutz,WR,,999
2670,Roderick Daniels,WR,,999
2671,Shane Watts,RB,,999
2672,Gunnar Oakes,TE,,999
2673,Nay'Quan Wright,RB,,999
2674,Thomas Gordon,TE,DET,512
2675,Jaden Smith,WR,DAL,999
2676,Lawrance Toafili,RB,,999
2677,Toa Taua,RB,,999
2678,Winston Wright,WR,,999
2679,Mark McNamee,K,,999
2680,Ife Adeyi,WR,,999
2681,Mitch Van Vooren,WR,,999
2682,Sam Brown,WR,,999
2683,Montana Lemonious-Craig,WR,,999
2684,Brett Gabbert,QB,,257.5
2685,Hunter Dekkers,QB,NO,999
2686,Lucas Scott,FB,BAL,999
2687,Cade McDonald,WR,,999
2688,John Hoyland,K,,999
2689,Drake Dabney,TE,GB,999
2690,Kyrese Rowan,WR,DEN,999
2691,Luke Deal,TE,,999
2692,Dalevon Campbell,WR,LAC,999
2693,Montorie Foster,WR,SEA,604.5
2694,Key'Shawn Smith,WR,,999
2695,Ketron Jackson,WR,,999
2696,TJ Sheffield,WR,,443.5
2697,Taylor Elgersma,QB,,685.3
2698,Luke Floriea,WR,CLE,999
2699,Ja'seem Reed,WR,CAR,676.8
2700,Kinkead Dent,QB,,999
2701,Jimmy Holiday,WR,KC,563
2702,Kisean Johnson,WR,GB,999
2703,Maximilian Mang,TE,,999
2704,Zakhari Franklin,WR,,681.3
2705,Reggie Brown,TE,,999
2706,Sam Pitz,TE,,999
2707,Marcus Major,RB,,999
2708,Giles Jackson,WR,,542.8
2709,Justin Lockhart,WR,,999
2710,Nick Kallerup,TE,SEA,999
2711,Caden Davis,K,,999
2712,ShunDerrick Powell,RB,,999
2713,Dymere Miller,WR,,999
2714,Taylor Morin,WR,,999
2715,Redd Douglas,WR,,999
2716,Jermaine Terry,TE,CLE,495
2717,Rushawn Baker,RB,,999
2718,Micah Bernard,RB,,999
2719,Jeremiah Webb,WR,NE,452.7
2720,Carter Runyon,TE,LV,999
2721,Jacoby Jones,WR,WAS,999
2722,Josh Bellamy,WR,,999
2723,Collin Schlee,QB,,392.4
2724,Qualan Jones,RB,,999
2725,Tre Watson,TE,KC,999
2726,Dante Wright,WR,,543
2727,Zach Horton,TE,DET,691.3
2728,Julian Fleming,WR,,412.3
2729,Eli Wilson,TE,,999
2730,Quali Conley,RB,,999
2731,Kole Taylor,TE,,659
2732,Deion Hankins,RB,,999
2733,Jamize Olawale,FB,,999
2734,Myles Price,WR,MIN,999
2735,Isaiah Neyor,WR,GB,674.8
2736,Ben Wooldridge,QB,,999
2737,Dorian Singer,WR,,999
2738,Darius Lassiter,WR,,999
2739,Daniel Jackson,WR,,999
2740,Patrick DiMarco,FB,,999
2741,Chris Tyree,WR,,999
2742,Xavier Guillory,WR,BAL,999
2743,Jahmal Banks,WR,,663.9
2744,Tyrone Broden,WR,,999
2745,Marshall Lang,TE,MIN,999
2746,James Develin,FB,,999
2747,Moochie Dixon,WR,,999
2748,Sone Ntoh,RB,,689.8
2749,Hajj-Malik Williams,QB,,506.8
2750,Pat Conroy,TE,,999
2751,Mark Redman,TE,LAR,999
2752,Brennan Presley,WR,LAR,646.5
2753,Jordan Waters,RB,LAR,999
2754,Anthony Torres,TE,,655
2755,Tru Edwards,WR,LAR,999
2756,Mario Williams,WR,LAR,999
2757,CJ Dippre,TE,NE,470
2758,Brock Lampe,FB,SEA,999
2759,Gee Scott,TE,,999
2760,DeMeer Blankumsee,WR,,999
2761,JJ Galbreath,TE,,999
2762,DJ Thomas-Jones,TE,,999
2763,Roc Taylor,WR,CAR,999
2764,Ke'Shawn Williams,WR,CIN,999
2765,Lan Larison,RB,NE,999
2766,Jacolby George,WR,,395
2767,Moose Muhammad,WR,,999
2768,Ethan Garbers,QB,,999
2769,Kayron Lynch-Adams,RB,,999
2770,Bryce Pierre,TE,,999
2771,Kye Robichaux,RB,DET,455
2772,Jalen White,RB,,999
2773,Robert Lewis,WR,,999
2774,Dontae Fleming,WR,MIN,999
2775,Bryson Nesbit,TE,MIN,651
2776,Tre Stewart,RB,ARI,999
2777,Anthony Tyus,RB,CAR,572
2778,Jackson Meeks,WR,DET,643.5
2779,Jakobie Keeney-James,WR,PIT,999
2780,Caden Prieskorn,TE,CAR,999
2781,Amar Johnson,RB,LAC,699.5
2782,Jamaal Pritchett,WR,NYJ,999
2783,J.J. Jones,WR,,560.7
2784,Eli Pancol,WR,IND,999
2785,Chandler Brayboy,WR,JAX,499
2786,Quentin Skinner,WR,BUF,574
2787,Cam Camper,WR,NYJ,999
2788,John Copenhaver,TE,,999
2789,Patrick Herbert,TE,JAX,999
2790,Jermaine Kearse,WR,,661.3
2791,Seth Henigan,QB,,999
2792,Nathan Carter,RB,ATL,699
2793,Nate McCollum,WR,,999
2794,Da'Quan Felton,WR,NYJ,551.7
2795,Jordan Bly,WR,,999
2796,Beaux Collins,WR,ATL,436
2797,Dalen Cambre,WR,NYG,999
2798,Quincy Skinner,WR,NYJ,473
2799,Joshua Simon,TE,ATL,999
2800,Silas Bolden,WR,,999
2801,Kai Forbath,K,,999
2802,Montrell Johnson,RB,,999
2803,Jalin Conyers,TE,,999
2804,AJ Henning,WR,MIA,699.7
2805,Andrew Armstrong,WR,KC,999
2806,Nate Noel,RB,,999
2807,Monaray Baldwin,WR,,999
2808,Rivaldo Fairweather,TE,ARI,329
2809,Tyler Neville,TE,,999
2810,Traeshon Holden,WR,,999
2811,Josh Kelly,WR,HOU,603
2812,Jimmy Bell,TE,,621.8
2813,Blayne Taylor,WR,,999
2814,Tyler Kahmann,WR,,999
2815,Coleman Owen,WR,IND,999
2816,Ulysses Bentley,RB,IND,999
2817,Maddux Trujillo,K,,999
2818,Landon Parker,WR,,999
2819,Elijah Young,RB,,999
2820,Jake Briningstool,TE,KC,999
2821,Stevo Klotz,TE,,363
2822,Elijhah Badger,WR,,999
2823,Mac Dalena,WR,BUF,347.5
2824,Luke Grimm,WR,,999
2825,Oscar Cardenas,TE,,999
2826,Bryson Green,WR,ARI,999
2827,Ahmani Marshall,RB,CLE,999
2828,Garrett Greene,QB,TB,654
2829,Ryan Coe,K,,311
2830,Will Sheppard,WR,GB,666
2831,Josh Williams,RB,TB,999
2832,Anthony Landphere,TE,,999
2833,Jerjuan Newton,WR,,999
2834,Joaquin Davis,WR,PIT,660
2835,Connor Bazelak,QB,TB,999
2836,Max Brosmer,QB,MIN,999
2837,DJ Uiagalelei,QB,LAC,999
2838,Courtney Jackson,WR,TEN,637
2839,Keleki Latu,TE,BUF,999
2840,Payton Thorne,QB,,999
2841,Jordan Moore,WR,CIN,999
2842,Rashod Owens,WR,,999
2843,Hal Presley,WR,,999
2844,Stephen Gosnell,WR,BUF,337.9
2845,Kelly Akharaiyi,WR,,999
2846,Jamoi Mayes,WR,,999
2847,Jonathan Kim,K,,999
2848,JP Richardson,WR,CHI,662.5
2849,Junior Bergen,WR,NYJ,292
2850,Caleb Lohner,TE,DEN,999
2851,Dominic Lovett,WR,DET,589
2852,Francis Owusu,WR,,999
2853,Luke Lachey,TE,,999
2854,Kaden Prather,WR,GB,999
2855,Thomas Fidone,TE,NYG,999
2856,Graham Mertz,QB,HOU,521.5
2857,Gavin Bartholomew,TE,MIN,667.2
2858,Matt Bryant,K,,999
2859,Tommy Mellott,WR,,609.5
2860,Cam Miller,QB,MIA,999
2861,Greg Zuerlein,K,,625.8
2862,Robbie Ouzts,RB,SEA,486
2863,Justin Tucker,K,,999
2864,Alex Tanney,QB,,999
2865,Colin Granger,TE,,999
2866,Jordan Petaia,TE,,999
2867,Marcus Yarns,RB,,999
2868,Brady Cook,QB,NYJ,999
2869,Ja'Corey Brooks,WR,,587.4
2870,Ajou Ajou,WR,,999
2871,Kyle McCord,QB,GB,999
2872,Corey Kiner,RB,ARI,487
2873,Kobe Hudson,WR,,999
2874,Jayden Higgins,WR,HOU,142.7
2875,Moliki Matavao,TE,NO,999
2876,Ja'Quinden Jackson,RB,PHI,999
2877,Nick Nash,WR,WAS,999
2878,Kurtis Rourke,QB,SF,999
2879,Antwane Wells,WR,ATL,999
2880,Ontaria Wilson,WR,,999
2881,Devon Garrison,TE,,999
2882,Josh Gordon,WR,,684
2883,Alex Hale,K,,341.1
2884,Geor'Quarius Spivey,TE,,999
2885,Kairee Robinson,RB,,467.2
2886,Ben Bryant,QB,,999
2887,Rory Starkey,WR,,999
2888,David Wallis,WR,,999
2889,Hamze El-Zayat,WR,,999
2890,Terrell Jennings,RB,,999
2891,John Jackson,WR,,999
2892,Michael Hiers,QB,,999
2893,Colton Theaker,K,,651
2894,Valentino Ambrosio,K,,657.5
2895,Ramon Jefferson,RB,,999
2896,Caleb Chapman,WR,,999
2897,Jadon Janke,WR,,999
2898,Tanner Knue,WR,,999
2899,Tre Mosley,WR,,999
2900,Hayden Rucci,TE,SF,999
2901,Jude McAtamney,K,,629.5
2902,John Jiles,WR,,999
2903,Brenden Bates,TE,CLE,999
2904,Peter LeBlanc,WR,,999
2905,Vincent Blanchard,K,,566
2906,Praise Olatoke,WR,,999
2907,Xavier Wade,WR,,999
2908,Aeneas Dennis,QB,,999
2909,Latreal Jones,WR,,999
2910,David Martin-Robinson,TE,TEN,999
2911,Jabari Small,RB,DET,999
2912,Treveyon Pratt,WR,,999
2913,Easton Dean,TE,,999
2914,Jeremy Moussa,QB,,999
2915,Anthony Grant,RB,,999
2916,Markese Stepp,RB,,999
2917,Alex Larson,TE,,999
2918,Russell Wilson,QB,,694.8
2919,Dakereon Joyner,WR,,999
2920,William Thompson,QB,,999
2921,Treyton Pickering,TE,,999
2922,Robert Turbin,RB,,999
2923,Beau Corrales,WR,,999
2924,Noah Rauschenberg,K,,671.3
2925,Daniel George,WR,,999
2926,Samson Evans,RB,,999
2927,La'Damian Webb,RB,,999
2928,Joshua Lingenfelter,TE,,652.5
2929,Kaylon Horton,WR,,999
2930,Dakota Caton,WR,,999
2931,Mathieu Severance,RB,,395.5
2932,Cade Peterson,QB,,999
2933,Michael Herzog,RB,,999
2934,Dylan McDuffie,RB,,999
2935,Dimitri Stanley,WR,,999
2936,Jacob Sirmon,QB,,999
2937,John Matocha,QB,,999
2938,RJ Mobley,WR,,999
2939,Andrew Peasley,QB,,999
2940,Colby Suits,QB,,999
2941,Qadir Ismail,WR,CHI,402
2942,Cole Beck,WR,,634.9
2943,Mason Fairchild,TE,,999
2944,Taulia Tagovailoa,QB,,690.4
2945,Baylor Cupp,TE,ARI,445.6
2946,Phillip Brooks,WR,,669
2947,Riley Sharp,TE,,653.3
2948,Mike Rigerman,TE,,999
2949,Jelani Baker,WR,,999
2950,DeAngelo Hardy,WR,,999
2951,Peewee Jarrett,QB,,303
2952,Lincoln Sefcik,TE,,249
2953,Marcus Riley,WR,,623.6
2954,JJ Laap,WR,,999
2955,Garrett Celek,TE,,653.5
2956,Lorenzo Lingard,RB,,309.5
2957,David White,WR,,999
2958,Joseph Scates,WR,,999
2959,Brevin Easton,WR,,999
2960,Jalen Jackson,RB,,999
2961,Shawn Bowman,TE,ARI,999
2962,Kevin Foelsch,TE,,617.8
2963,Austin Stogner,TE,,300
2964,Cole Burgess,WR,PIT,999
2965,Wayne Ruby,WR,,999
2966,John Paddock,QB,,999
2967,Trent Pennix,TE,,696
2968,Jason Bean,QB,,375.5
2969,Xavier White,WR,,999
2970,Justin Strong,RB,,999
2971,Malcolm Epps,TE,,310.5
2972,Spencer Shrader,K,IND,378
2973,Alex McNulty,K,,431.8
2974,Jaxon Janke,WR,,308.5
2975,British Brooks,RB,HOU,999
2976,Jaaron Hayek,WR,,664.8
2977,Reggie Brown,WR,,999
2978,Zach Mathis,WR,,999
2979,Trey Potts,RB,,999
2980,Spencer Sanders,QB,,999
2981,James Turner,K,,314.6
2982,Messiah Swinson,TE,GB,999
2983,Julian Hicks,WR,,573
2984,Jarveon Howard,RB,,999
2985,Jarius Wright,WR,,999
2986,Gavin Hardison,QB,,999
2987,Je'Quan Burton,WR,,487
2988,Neal Johnson,TE,,633.8
2989,Sam Wiglusz,WR,,999
2990,Drake Stoops,WR,,999
2991,Jalon Calhoun,WR,,606
2992,Isaac Rex,TE,,507.5
2993,Deshaun Fenwick,RB,,999
2994,Jacob Warren,TE,,313.4
2995,Joshua Cephus,WR,,999
2996,Thomas Yassmin,TE,GB,999
2997,Camden Lewis,K,,671.5
2998,Rhett Ellison,TE,,602.5
2999,Dylan Leonard,TE,,656
3000,Chris Autman-Bell,WR,,999
3001,Ayir Asante,WR,,999
3002,Jjay Mcafee,TE,,515.5
3003,Geordon Porter,WR,,999
3004,Corey Crooms,WR,,999
3005,Cam Johnson,WR,,459.5
3006,Alec Holler,TE,,677
3007,Aidan Robbins,RB,,690.3
3008,Treyton Welch,TE,NO,999
3009,Lincoln Victor,WR,,999
3010,Talik Keaton,WR,,999
3011,McCallan Castles,TE,GB,999
3012,Mason Pline,TE,KC,999
3013,Elijah Collins,RB,,999
3014,Rocky Lombardi,QB,,999
3015,Cam Grandy,TE,CIN,999
3016,Noah Cain,RB,,999
3017,Chevan Cordeiro,QB,,999
3018,Jack Westover,TE,NE,999
3019,TD Ayo-Durojaiye,RB,,610.5
3020,Ian Wheeler,RB,BUF,581.8
3021,OJ Hiliare,WR,,999
3022,Tyler Harrell,WR,,999
3023,TaMerik Williams,RB,,999
3024,Kobe Lewis,RB,,999
3025,Devin Carter,WR,,999
3026,Sam Pinckney,WR,,999
3027,Jaden Shirden,RB,,999
3028,Jack Plummer,QB,,558
3029,Nathaniel Peat,RB,,999
3030,Gunnar Watson,QB,,999
3031,Lawrence Keys,WR,,999
3032,Adam Vinatieri,K,,999
3033,Emani Bailey,RB,,999
3034,Zack Annexstad,QB,,327
3035,D.J. Williams,RB,,595
3036,Isaiah Washington,WR,,999
3037,Jordan Terrell,RB,,999
3038,Xavier Johnson,WR,CIN,999
3039,Dayton Wade,WR,BAL,999
3040,Chris Collier,RB,LV,999
3041,Tayvion Robinson,WR,,683
3042,Emory Jones,QB,,613.5
3043,Steven Stilianos,TE,,688.5
3044,Bryce Oliver,WR,TEN,401
3045,Sam Schnee,WR,,999
3046,Brayden Narveson,K,,316.9
3047,Austin Jones,RB,,999
3048,Marcus Rosemy-Jacksaint,WR,,366
3049,Michael Wiley,RB,,999
3050,Colson Yankoff,TE,WAS,999
3051,Isaiah Wooden,WR,,999
3052,JaQuae Jackson,WR,LAC,999
3053,Mike DiLiello,QB,,999
3054,Austin Reed,QB,BAL,674
3055,Terique Owens,WR,,999
3056,Tanner Mordecai,QB,,999
3057,Ahmarean Brown,WR,,533.8
3058,Devron Harper,WR,,999
3059,Jeshaun Jones,WR,MIN,999
3060,Ty James,WR,,999
3061,Kyle Sheets,WR,,999
3062,Jacob Kibodi,RB,,999
3063,Jermaine Jackson,WR,,999
3064,Mason Tipton,WR,NO,999
3065,Tulu Griffin,WR,,999
3066,Ramel Keyton,WR,,247
3067,Jaylen Johnson,WR,,999
3068,Jaelen Gill,WR,,999
3069,Zach Heins,TE,,549
3070,Leon Johnson,WR,,999
3071,Luke Benson,TE,,999
3072,John Rhys Plumlee,QB,,433
3073,Daijun Edwards,RB,,999
3074,Carter Bradley,QB,JAX,999
3075,Jeff Foreman,WR,,999
3076,Casey Bauman,QB,,999
3077,Tahj Washington,WR,MIA,999
3078,Cornelius Johnson,WR,BAL,999
3079,Jha'Quan Jackson,WR,HOU,999
3080,Casey Washington,WR,CAR,999
3081,Tejhaun Palmer,WR,NE,999
3082,Joshua Karty,K,,669.5
3083,Keilan Robinson,RB,,999
3084,Bub Means,WR,NO,688
3085,Alfred Morris,RB,,999
3086,Robert Griffin,QB,,680.2
3087,Dante Miller,RB,NYG,999
3088,Louis Rees-Zammit,RB,,488.3
3089,Kendall Milton,RB,CIN,999
3090,Kedon Slovis,QB,ARI,456
3091,Javon Baker,WR,,298
3092,Cody Schrader,RB,DEN,999
3093,Ricky Pearsall,WR,SF,244.4
3094,Johnny Wilson,WR,PHI,999
3095,Jamari Thrash,WR,CLE,999
3096,Brenden Rice,WR,,999
3097,Ja'Lynn Polk,WR,,493
3098,Ainias Smith,WR,,999
3099,Hayden Hatten,WR,,999
3100,Jaheim Bell,TE,PIT,999
3101,Trey Knox,TE,,999
3102,Tanner McLachlan,TE,SF,359
3103,Jared Wiley,TE,KC,618
3104,Erick All,TE,CIN,999
3105,Jase McClellan,RB,,999
3106,Carson Steele,RB,PHI,590.5
3107,Dillon Johnson,RB,,649.3
3108,Frank Gore,RB,BUF,999
3109,Blake Watson,RB,,999
3110,Jordan Travis,QB,,999
3111,Michael Pratt,QB,,520
3112,Sam Hartman,QB,WAS,660.9
3113,Devin Leary,QB,,515
3114,Chase Cota,WR,,999
3115,Aaron Dykes,RB,,645.3
3116,Avery Davis,WR,,999
3117,Lachlan Pitts,TE,,694.8
3118,La'Michael Pettway,TE,,999
3119,Toriano Clinton,RB,,999
3120,Wayne Taulapapa,RB,,999
3121,Milton Wright,WR,,464
3122,Matthew Trickett,K,,659
3123,Nick Williams,WR,,999
3124,Ed Lee,WR,,999
3125,Garett Maag,WR,,999
3126,Malachi Carter,WR,,999
3127,Izaiah Gathings,TE,,999
3128,Cody Chrest,WR,,999
3129,Jerome Kapp,WR,,999
3130,Jadakis Bonds,WR,,999
3131,Lucky Jackson,WR,DET,666.6
3132,John Stephens,TE,,999
3133,Princeton Fant,TE,DAL,999
3134,Jalen Moreno-Cropper,WR,NO,999
3135,David Durden,WR,,999
3136,Jose Barbon,WR,,692
3137,Brian Cobbs,WR,,999
3138,Braydon Johnson,WR,,999
3139,Bryan Thompson,WR,,448.3
3140,Jordan Murray,TE,,999
3141,Austin Aune,QB,,663.2
3142,Alshon Jeffery,WR,,999
3143,Zach Ojile,FB,,999
3144,Ellis Merriweather,RB,,999
3145,Gavin Holmes,WR,,999
3146,Dylan Drummond,WR,ATL,999
3147,Alfonzo Graham,RB,,999
3148,John Samuel Shenker,TE,,999
3149,Trey Wolff,K,,651.5
3150,Tre'Shaun Harrison,WR,,999
3151,Jesse Matthews,WR,,999
3152,Kris Leach,TE,,999
3153,Taylor Grimes,WR,,999
3154,Cole Beasley,WR,,999
3155,Dallas Daniels,WR,,999
3156,Isaiah Bowser,RB,,999
3157,Ryan Miller,WR,NYG,499
3158,Kade Warner,WR,,999
3159,Taye Barber,WR,,999
3160,Tanner Taula,TE,,999
3161,Ronnie Brown,RB,,567
3162,Braxton Burmeister,WR,,253
3163,Nolan Henderson,QB,,627.7
3164,Sean Ryan,WR,,999
3165,Brian Walker,TE,,999
3166,Owen Wright,RB,HOU,999
3167,Dontay Demus,WR,,999
3168,Travis Vokolek,TE,ARI,999
3169,Johnny Lumpkin,TE,,602
3170,Jordan Mims,RB,,999
3171,James Blackman,QB,,999
3172,Daewood Davis,WR,,999
3173,Chris Coleman,WR,,999
3174,Kody Case,WR,,999
3175,Tyler Adams,WR,,999
3176,Thomas Greaney,TE,,999
3177,Chase Cota,WR,,374
3178,Keytaon Thompson,WR,,999
3179,Josh Vann,WR,,999
3180,T.J. Luther,WR,,999
3181,Jason Brownlee,WR,KC,999
3182,Xavier Gipson,WR,NYG,531
3183,E.J. Jenkins,TE,PHI,999
3184,Braxton Westfield,WR,,999
3185,Ryan Jones,TE,,999
3186,Cody Chrest,WR,,999
3187,Darius Hagans,RB,,999
3188,Johnny King,WR,,662.5
3189,Brady Russell,TE,SEA,636
3190,Joseph Ngata,WR,,999
3191,Hassan Hall,RB,,999
3192,Aron Cruickshank,WR,,999
3193,Thyrick Pitts,WR,,631
3194,Damien Caffrey,TE,,563.2
3195,Robert Burns,FB,CHI,999
3196,Shedrick Jackson,WR,LV,999
3197,Chris Smith,RB,,999
3198,Mac Hippenhammer,WR,,999
3199,Patrick Murtagh,TE,,382
3200,Jacob Saylors,RB,DET,999
3201,Isaiah Winstead,WR,PIT,999
3202,Christian Trahan,TE,,999
3203,Calvin Tyler,RB,,999
3204,Tyjon Lindsey,WR,,999
3205,Noah Gindorff,TE,,409
3206,Griffin Hebert,TE,,999
3207,John Hall,WR,,999
3208,Marcus Cooper,RB,,999
3209,Holton Ahlers,QB,,636.8
3210,Tanner Morgan,QB,,693
3211,Camren McDonald,TE,,999
3212,Malik Heath,WR,ATL,999
3213,Henry Pearson,FB,,999
3214,Duece Watts,WR,,695
3215,Joel Honigford,TE,,999
3216,Malik Flowers,WR,,999
3217,Justin Marshall,WR,,999
3218,Keilahn Harris,WR,,592.3
3219,Zay Malone,WR,,999
3220,Carlos Washington,RB,MIA,999
3221,Daniel Arias,WR,,999
3222,Ronald Awatt,RB,,999
3223,Khalan Laborn,RB,,999
3224,Jack Colletto,FB,,999
3225,Shae Wyatt,WR,,454
3226,Dresser Winn,QB,,655.8
3227,Tim DeMorat,QB,,628.5
3228,Zion Bowens,WR,,681.5
3229,Jalen Sample,WR,,999
3230,Brycen Tremayne,WR,CAR,999
3231,Christian Sims,TE,,999
3232,Tyler Hudson,WR,,999
3233,Christopher Dunn,K,,322.2
3234,Tanner Brown,K,NO,999
3235,Leonard Taylor,TE,,999
3236,Elijah Cooks,WR,CAR,999
3237,Oliver Martin,WR,,650
3238,Jaray Jenkins,WR,,999
3239,Pokey Wilson,WR,,999
3240,Michael Ezeike,TE,,999
3241,Tyler Hoosman,RB,,293
3242,Terrell Bynum,WR,,999
3243,Elijah Dotson,RB,,999
3244,Joel Wilson,TE,TEN,999
3245,Sy Barnett,WR,,999
3246,Shaquan Davis,WR,,999
3247,SaRodorick Thompson,RB,,365
3248,Charles McClelland,RB,,999
3249,T.Y. Hilton,WR,,999
3250,Marcedes Lewis,TE,,393.8
3251,Kearis Jackson,WR,,999
3252,B.T. Potter,K,TB,681.3
3253,Jordan Byrd,WR,,999
3254,Monte Pottebaum,FB,,585.8
3255,Ben Sims,TE,MIA,385
3256,Cephus Johnson,WR,,999
3257,Malik Knowles,WR,,999
3258,Jack Podlesny,K,,357
3259,Thayer Thomas,WR,,264
3260,Kazmeir Allen,WR,,580.8
3261,Mitch Tinsley,WR,CIN,999
3262,Adrian Martinez,QB,SF,635
3263,Robert Burns,RB,,999
3264,Jared Wayne,WR,HOU,682
3265,Antoine Green,WR,,424
3266,Colton Dowell,WR,,999
3267,Grant DuBose,WR,,999
3268,Anders Carlson,K,,674.7
3269,Stephen Gostkowski,K,,587.1
3270,Randy Bullock,K,,663.6
3271,Sean Clifford,QB,CIN,999
3272,Deneric Prince,RB,,581.1
3273,Matt Landers,WR,,482
3274,Aidan O'Connell,QB,LV,662.3
3275,Travis Dye,RB,,498
3276,A.T. Perry,WR,,538
3277,Dorian Thompson-Robinson,QB,,623.6
3278,Xazavian Valladay,RB,,562
3279,Malik Cunningham,WR,DET,669
3280,Alex Quevedo,K,,999
3281,Stetson Bennett,QB,LAR,999
3282,Travis Benjamin,WR,,597
3283,Mohamed Sanu,WR,,639.8
3284,Marvin Jones,WR,,514
3285,Mohamed Ibrahim,RB,,999
3286,Ryan Tannehill,QB,,623.1
3287,Lamar Miller,RB,,699.5
3288,Brandon Bolden,RB,,634.3
3289,Nick Foles,QB,,999
3290,Max Duggan,QB,,999
3291,Jalen Wayne,WR,,687.5
3292,Charlie Jones,WR,CIN,999
3293,Jonathan Mingo,WR,DAL,689.9
3294,Brayden Willis,TE,SF,999
3295,Eric Gray,RB,NYG,999
3296,Ronnie Bell,WR,NO,686.6
3297,Will Mallory,TE,IND,656.5
3298,Jake Haener,QB,NYG,654.7
3299,Camerun Peoples,RB,,999
3300,Derius Davis,WR,LAC,999
3301,Devin Duvernay,WR,ARI,999
